vendor,vendor_display,vendor_region,chip_series,chip_model,chip_type,usage,tier,architecture,arch_codename,generation,process_node_nm,foundry,die_size_mm2,transistors_b,package_type,vram_gb,vram_type,vram_bus_bit,vram_bw_gb_s,vram_clock_mhz,compute_units,tensor_cores,rt_cores,sm_count,shading_units,l1_cache_kb,l2_cache_mb,precision_support,precision_perf,base_clock_mhz,boost_clock_mhz,tdp_w,psu_w,power_connector,board_length_mm,board_width_mm,slot_width,bus_interface,release_date,production_status,is_released,target_market,description,_source_urls,_source_type,_source_confidence,_db_id,_is_new
NVIDIA,NVIDIA,foreign,GV10B,Jetson AGX Xavier 16 GB,GPU,both,datacenter,Volta,GV10B,Tegra(Volta),12,TSMC,350,9,,16,LPDDR4X,256,136.5,2133,512,64,0,8,512,128,0.5,FP64/FP32/FP16/BF16/INT8,FP64:0.7TFLOPS;FP32:1.4TFLOPS;FP16/BF16:2.8TFLOPS,854,1377,30,,,100,,IGP,PCIe 4.0 x4,2018-10-01,已量产,1,AI训练/推理 / HPC,"NVIDIA Jetson AGX Xavier 16 GB — Volta architecture, Tegra(Volta) generation, 16.0GB LPDDR4X",https://www.techpowerup.com/gpu-specs/jetson-agx-xavier-16-gb.c3232,community,high,,1
NVIDIA,NVIDIA,foreign,GV10B,Jetson AGX Xavier 32 GB,GPU,both,datacenter,Volta,GV10B,Tegra(Volta),12,TSMC,350,9,,32,LPDDR4X,256,136.5,2133,512,64,0,8,512,128,0.5,FP64/FP32/FP16/BF16/INT8,FP64:0.7TFLOPS;FP32:1.4TFLOPS;FP16/BF16:2.8TFLOPS,854,1377,30,,,100,,IGP,PCIe 4.0 x4,2018-10-01,已量产,1,AI训练/推理 / HPC,"NVIDIA Jetson AGX Xavier 32 GB — Volta architecture, Tegra(Volta) generation, 32.0GB LPDDR4X",https://www.techpowerup.com/gpu-specs/jetson-agx-xavier-32-gb.c4088,community,high,,1
NVIDIA,NVIDIA,foreign,GV100,Quadro GV100,GPU,both,datacenter,Volta,GV100,Quadro Volta(Vx000),12,TSMC,815,21.1,,32,HBM2,4096,868.4,848,5120,640,0,80,5120,128,6,FP64/FP32/FP16/BF16/INT8,FP64:8.3TFLOPS;FP32:16.7TFLOPS;FP16/BF16:33.3TFLOPS,1132,1627,250,600,1x 8-pin,267,,Dual-slot,PCIe 3.0 x16,2018-03-27,已量产,1,AI训练/推理 / HPC,"NVIDIA Quadro GV100 — Volta architecture, Quadro Volta(Vx000) generation, 32.0GB HBM2",https://www.techpowerup.com/gpu-specs/quadro-gv100.c3066,community,high,,1
NVIDIA,NVIDIA,foreign,GP104,Quadro P5200 Max-Q,GPU,both,datacenter,Pascal,GP104,Quadro Pascal-M(Px200),16,TSMC,314,7.2,BGA-2150,16,GDDR5,256,230.9,1804,2560,0,0,20,2560,48,2,FP64/FP32/FP16/BF16/INT8,FP64:0.3TFLOPS;FP32:8.0TFLOPS;FP16/BF16:0.1TFLOPS,1316,1569,100,,None,,,MXM Module,MXM-B (3.0),2018-02-21,已量产,1,AI训练/推理 / HPC,"NVIDIA Quadro P5200 Max-Q — Pascal architecture, Quadro Pascal-M(Px200) generation, 16.0GB GDDR5",https://www.techpowerup.com/gpu-specs/quadro-p5200-max-q.c3347,community,high,,1
NVIDIA,NVIDIA,foreign,GP104,Quadro P5200 Mobile,GPU,both,datacenter,Pascal,GP104,Quadro Pascal-M(Px200),16,TSMC,314,7.2,BGA-2150,16,GDDR5,256,230.9,1804,2560,0,0,20,2560,48,2,FP64/FP32/FP16/BF16/INT8,FP64:0.3TFLOPS;FP32:9.0TFLOPS;FP16/BF16:0.1TFLOPS,1582,1759,100,,None,,,MXM Module,MXM-B (3.0),2018-02-21,已量产,1,AI训练/推理 / HPC,"NVIDIA Quadro P5200 Mobile — Pascal architecture, Quadro Pascal-M(Px200) generation, 16.0GB GDDR5",https://www.techpowerup.com/gpu-specs/quadro-p5200-mobile.c3020,community,high,,1
NVIDIA,NVIDIA,foreign,TU104,Quadro RTX 5000,GPU,both,datacenter,Turing,TU104,Quadro Turing(Tx000),12,TSMC,545,13.6,BGA-2228,16,GDDR6,256,448,1750,3072,384,48,48,3072,64,4,FP64/FP32/FP16/BF16/INT8,FP64:0.3TFLOPS;FP32:11.2TFLOPS;FP16/BF16:22.3TFLOPS,1620,1815,230,550,1x 6-pin + 1x 8-pin,267,,Dual-slot,PCIe 3.0 x16,2018-08-13,已量产,1,AI训练/推理 / HPC,"NVIDIA Quadro RTX 5000 — Turing architecture, Quadro Turing(Tx000) generation, 16.0GB GDDR6",https://www.techpowerup.com/gpu-specs/quadro-rtx-5000.c3308,community,high,,1
NVIDIA,NVIDIA,foreign,TU102,Quadro RTX 6000,GPU,both,datacenter,Turing,TU102,Quadro Turing(Tx000),12,TSMC,754,18.6,,24,GDDR6,384,672,1750,4608,576,72,72,4608,64,6,FP64/FP32/FP16/BF16/INT8,FP64:0.5TFLOPS;FP32:16.3TFLOPS;FP16/BF16:32.6TFLOPS,1440,1770,260,600,1x 6-pin + 1x 8-pin,267,,Dual-slot,PCIe 3.0 x16,2018-08-13,已量产,1,AI训练/推理 / HPC,"NVIDIA Quadro RTX 6000 — Turing architecture, Quadro Turing(Tx000) generation, 24.0GB GDDR6",https://www.techpowerup.com/gpu-specs/quadro-rtx-6000.c3307,community,high,,1
NVIDIA,NVIDIA,foreign,TU102,Quadro RTX 6000 Passive,GPU,both,datacenter,Turing,TU102,Quadro Turing(Tx000),12,TSMC,754,18.6,,24,GDDR6,384,624,1625,4608,576,72,72,4608,64,6,FP64/FP32/FP16/BF16/INT8,FP64:0.5TFLOPS;FP32:14.9TFLOPS;FP16/BF16:29.9TFLOPS,1275,1620,260,600,1x 6-pin + 1x 8-pin,267,,Dual-slot,PCIe 3.0 x16,2018-08-13,已量产,1,AI训练/推理 / HPC,"NVIDIA Quadro RTX 6000 Passive — Turing architecture, Quadro Turing(Tx000) generation, 24.0GB GDDR6",https://www.techpowerup.com/gpu-specs/quadro-rtx-6000-passive.c3469,community,high,,1
NVIDIA,NVIDIA,foreign,TU102,Quadro RTX 8000,GPU,both,datacenter,Turing,TU102,Quadro Turing(Tx000),12,TSMC,754,18.6,,48,GDDR6,384,672,1750,4608,576,72,72,4608,64,6,FP64/FP32/FP16/BF16/INT8,FP64:0.5TFLOPS;FP32:16.3TFLOPS;FP16/BF16:32.6TFLOPS,1395,1770,260,600,1x 6-pin + 1x 8-pin,267,,Dual-slot,PCIe 3.0 x16,2018-08-13,已量产,1,AI训练/推理 / HPC,"NVIDIA Quadro RTX 8000 — Turing architecture, Quadro Turing(Tx000) generation, 48.0GB GDDR6",https://www.techpowerup.com/gpu-specs/quadro-rtx-8000.c3306,community,high,,1
NVIDIA,NVIDIA,foreign,TU102,Quadro RTX 8000 Passive,GPU,both,datacenter,Turing,TU102,Quadro Turing(Tx000),12,TSMC,754,18.6,,48,GDDR6,384,624,1625,4608,576,72,72,4608,64,6,FP64/FP32/FP16/BF16/INT8,FP64:0.5TFLOPS;FP32:14.9TFLOPS;FP16/BF16:29.9TFLOPS,1230,1620,260,600,1x 6-pin + 1x 8-pin,267,,Dual-slot,PCIe 3.0 x16,2018-08-13,已量产,1,AI训练/推理 / HPC,"NVIDIA Quadro RTX 8000 Passive — Turing architecture, Quadro Turing(Tx000) generation, 48.0GB GDDR6",https://www.techpowerup.com/gpu-specs/quadro-rtx-8000-passive.c3470,community,high,,1
NVIDIA,NVIDIA,foreign,TU104,Tesla T4,GPU,both,datacenter,Turing,TU104,Tesla Turing(Txx),12,TSMC,545,13.6,BGA-2228,16,GDDR6,256,320,1250,2560,320,40,40,2560,64,4,FP64/FP32/FP16/BF16/INT8,FP64:0.3TFLOPS;FP32:8.1TFLOPS;FP16/BF16:65.1TFLOPS,585,1590,70,250,None,168,,Single-slot,PCIe 3.0 x16,2018-09-13,已量产,1,AI训练/推理 / HPC,"NVIDIA Tesla T4 — Turing architecture, Tesla Turing(Txx) generation, 16.0GB GDDR6",https://www.techpowerup.com/gpu-specs/tesla-t4.c3316,community,high,,1
NVIDIA,NVIDIA,foreign,TU104,Tesla T4G,GPU,both,datacenter,Turing,TU104,Tesla Turing(Txx),12,TSMC,545,13.6,BGA-2228,16,GDDR6,256,320,1250,2560,320,40,40,2560,64,4,FP64/FP32/FP16/BF16/INT8,FP64:0.3TFLOPS;FP32:8.1TFLOPS;FP16/BF16:65.1TFLOPS,585,1590,70,250,None,168,,Single-slot,PCIe 3.0 x16,2018-09-13,已量产,1,AI训练/推理 / HPC,"NVIDIA Tesla T4G — Turing architecture, Tesla Turing(Txx) generation, 16.0GB GDDR6",https://www.techpowerup.com/gpu-specs/tesla-t4g.c4134,community,high,,1
NVIDIA,NVIDIA,foreign,GV100,Tesla V100 DGXS 16 GB,GPU,both,datacenter,Volta,GV100,Tesla Volta(Vxx),12,TSMC,815,21.1,,16,HBM2,4096,897,876,5120,640,0,80,5120,128,6,FP64/FP32/FP16/BF16/INT8,FP64:8.1TFLOPS;FP32:16.2TFLOPS;FP16/BF16:32.4TFLOPS,1354,1582,250,600,None,,,Dual-slot,PCIe 3.0 x16,2018-03-27,已量产,1,AI训练/推理 / HPC,"NVIDIA Tesla V100 DGXS 16 GB — Volta architecture, Tesla Volta(Vxx) generation, 16.0GB HBM2",https://www.techpowerup.com/gpu-specs/tesla-v100-dgxs-16-gb.c3763,community,high,,1
NVIDIA,NVIDIA,foreign,GV100,Tesla V100 DGXS 32 GB,GPU,both,datacenter,Volta,GV100,Tesla Volta(Vxx),12,TSMC,815,21.1,,32,HBM2,4096,897,876,5120,640,0,80,5120,128,6,FP64/FP32/FP16/BF16/INT8,FP64:7.8TFLOPS;FP32:15.7TFLOPS;FP16/BF16:31.3TFLOPS,1297,1530,250,600,None,,,Dual-slot,PCIe 3.0 x16,2018-03-27,已量产,1,AI训练/推理 / HPC,"NVIDIA Tesla V100 DGXS 32 GB — Volta architecture, Tesla Volta(Vxx) generation, 32.0GB HBM2",https://www.techpowerup.com/gpu-specs/tesla-v100-dgxs-32-gb.c3186,community,high,,1
NVIDIA,NVIDIA,foreign,GV100,Tesla V100 FHHL,GPU,both,datacenter,Volta,GV100,Tesla Volta(Vxx),12,TSMC,815,21.1,,16,HBM2,4096,827.4,808,5120,640,0,80,5120,128,6,FP64/FP32/FP16/BF16/INT8,FP64:6.6TFLOPS;FP32:13.2TFLOPS;FP16/BF16:26.4TFLOPS,937,1290,250,600,1x 8-pin,,,Single-slot,PCIe 3.0 x16,2018-03-27,已量产,1,AI训练/推理 / HPC,"NVIDIA Tesla V100 FHHL — Volta architecture, Tesla Volta(Vxx) generation, 16.0GB HBM2",https://www.techpowerup.com/gpu-specs/tesla-v100-fhhl.c3248,community,high,,1
NVIDIA,NVIDIA,foreign,GV100,Tesla V100 PCIe 32 GB,GPU,both,datacenter,Volta,GV100,Tesla Volta(Vxx),12,TSMC,815,21.1,,32,HBM2,4096,897,876,5120,640,0,80,5120,128,6,FP64/FP32/FP16/BF16/INT8,FP64:7.1TFLOPS;FP32:14.1TFLOPS;FP16/BF16:28.3TFLOPS,1230,1380,250,600,2x 8-pin,,,Dual-slot,PCIe 3.0 x16,2018-03-27,已量产,1,AI训练/推理 / HPC,"NVIDIA Tesla V100 PCIe 32 GB — Volta architecture, Tesla Volta(Vxx) generation, 32.0GB HBM2",https://www.techpowerup.com/gpu-specs/tesla-v100-pcie-32-gb.c3184,community,high,,1
NVIDIA,NVIDIA,foreign,GV100,Tesla V100 SXM2 32 GB,GPU,both,datacenter,Volta,GV100,Tesla Volta(Vxx),12,TSMC,815,21.1,,32,HBM2,4096,898,877,5120,640,0,80,5120,128,6,FP64/FP32/FP16/BF16/INT8,FP64:7.8TFLOPS;FP32:15.7TFLOPS;FP16/BF16:31.3TFLOPS,1290,1530,250,600,None,,,SXM Module,PCIe 3.0 x16,2018-03-27,已量产,1,AI训练/推理 / HPC,"NVIDIA Tesla V100 SXM2 32 GB — Volta architecture, Tesla Volta(Vxx) generation, 32.0GB HBM2",https://www.techpowerup.com/gpu-specs/tesla-v100-sxm2-32-gb.c3185,community,high,,1
NVIDIA,NVIDIA,foreign,GV100,Tesla V100 SXM3 32 GB,GPU,both,datacenter,Volta,GV100,Tesla Volta(Vxx),12,TSMC,815,21.1,,32,HBM2,4096,981,958,5120,640,0,80,5120,128,6,FP64/FP32/FP16/BF16/INT8,FP64:8.2TFLOPS;FP32:16.4TFLOPS;FP16/BF16:32.7TFLOPS,1380,1597,250,600,None,,,SXM Module,PCIe 3.0 x16,2018-03-27,已量产,1,AI训练/推理 / HPC,"NVIDIA Tesla V100 SXM3 32 GB — Volta architecture, Tesla Volta(Vxx) generation, 32.0GB HBM2",https://www.techpowerup.com/gpu-specs/tesla-v100-sxm3-32-gb.c3472,community,high,,1
NVIDIA,NVIDIA,foreign,TU102,TITAN RTX,GPU,both,datacenter,Turing,TU102,GeForce 20,12,TSMC,754,18.6,,24,GDDR6,384,672,1750,4608,576,72,72,4608,64,6,FP64/FP32/FP16/BF16/INT8,FP64:0.5TFLOPS;FP32:16.3TFLOPS;FP16/BF16:32.6TFLOPS,1350,1770,280,600,2x 8-pin,267,35,Dual-slot,PCIe 3.0 x16,2018-12-18,已量产,1,AI训练/推理 / HPC,"NVIDIA TITAN RTX — Turing architecture, GeForce 20 generation, 24.0GB GDDR6",https://www.techpowerup.com/gpu-specs/titan-rtx.c3311,community,high,,1
NVIDIA,NVIDIA,foreign,GV100,TITAN V CEO Edition,GPU,both,datacenter,Volta,GV100,GeForce 10,12,TSMC,815,21.1,,32,HBM2,4096,868.4,848,5120,640,0,80,5120,128,6,FP64/FP32/FP16/BF16/INT8,FP64:7.5TFLOPS;FP32:14.9TFLOPS;FP16/BF16:29.8TFLOPS,1200,1455,250,600,1x 6-pin + 1x 8-pin,267,40,Dual-slot,PCIe 3.0 x16,2018-06-21,已量产,1,AI训练/推理 / HPC,"NVIDIA TITAN V CEO Edition — Volta architecture, GeForce 10 generation, 32.0GB HBM2",https://www.techpowerup.com/gpu-specs/titan-v-ceo-edition.c3277,community,high,,1
AMD,AMD,foreign,Vega 20,Radeon Instinct MI50,GPU,both,datacenter,GCN 5.1,Vega 20,Radeon Instinct(MIx),7,TSMC,331,13.23,BGA-1933,16,HBM2,4096,1020,1000,3840,0,0,0,3840,16,4,FP64/FP32/FP16/BF16/INT8,FP64:6.7TFLOPS;FP32:13.4TFLOPS;FP16/BF16:26.8TFLOPS,1200,1746,300,700,2x 8-pin,267,,Dual-slot,PCIe 4.0 x16,2018-11-18,已量产,1,AI训练/推理 / HPC,"AMD Radeon Instinct MI50 — GCN 5.1 architecture, Radeon Instinct(MIx) generation, 16.0GB HBM2",https://www.techpowerup.com/gpu-specs/radeon-instinct-mi50.c3335,community,high,,1
AMD,AMD,foreign,Vega 20,Radeon Instinct MI60,GPU,both,datacenter,GCN 5.1,Vega 20,Radeon Instinct(MIx),7,TSMC,331,13.23,BGA-1933,32,HBM2,4096,1020,1000,4096,0,0,0,4096,16,4,FP64/FP32/FP16/BF16/INT8,FP64:7.4TFLOPS;FP32:14.8TFLOPS;FP16/BF16:29.5TFLOPS,1200,1800,300,700,1x 6-pin + 1x 8-pin,267,,Dual-slot,PCIe 4.0 x16,2018-11-18,已量产,1,AI训练/推理 / HPC,"AMD Radeon Instinct MI60 — GCN 5.1 architecture, Radeon Instinct(MIx) generation, 32.0GB HBM2",https://www.techpowerup.com/gpu-specs/radeon-instinct-mi60.c3233,community,high,,1
NVIDIA,NVIDIA,foreign,TU104,Quadro RTX 5000 Max-Q,GPU,both,datacenter,Turing,TU104,Quadro Turing-M(Tx000),12,TSMC,545,13.6,BGA-2228,16,GDDR6,256,384,1500,3072,384,48,48,3072,64,4,FP64/FP32/FP16/BF16/INT8,FP64:0.3TFLOPS;FP32:8.3TFLOPS;FP16/BF16:16.6TFLOPS,600,1350,80,,None,,,IGP,PCIe 3.0 x16,2019-05-27,已量产,1,AI训练/推理 / HPC,"NVIDIA Quadro RTX 5000 Max-Q — Turing architecture, Quadro Turing-M(Tx000) generation, 16.0GB GDDR6",https://www.techpowerup.com/gpu-specs/quadro-rtx-5000-max-q.c3432,community,high,,1
NVIDIA,NVIDIA,foreign,TU104,Quadro RTX 5000 Mobile,GPU,both,datacenter,Turing,TU104,Quadro Turing-M(Tx000),12,TSMC,545,13.6,BGA-2228,16,GDDR6,256,448,1750,3072,384,48,48,3072,64,4,FP64/FP32/FP16/BF16/INT8,FP64:0.3TFLOPS;FP32:9.4TFLOPS;FP16/BF16:18.8TFLOPS,1035,1530,110,,None,,,IGP,PCIe 3.0 x16,2019-05-27,已量产,1,AI训练/推理 / HPC,"NVIDIA Quadro RTX 5000 Mobile — Turing architecture, Quadro Turing-M(Tx000) generation, 16.0GB GDDR6",https://www.techpowerup.com/gpu-specs/quadro-rtx-5000-mobile.c3431,community,high,,1
NVIDIA,NVIDIA,foreign,TU102,Quadro RTX 6000 Mobile,GPU,both,datacenter,Turing,TU102,Quadro Turing-M(Tx000),12,TSMC,754,18.6,,24,GDDR6,384,672,1750,4608,576,72,72,4608,64,6,FP64/FP32/FP16/BF16/INT8,FP64:0.4TFLOPS;FP32:13.4TFLOPS;FP16/BF16:26.8TFLOPS,1275,1455,,,None,,,IGP,PCIe 3.0 x16,2019-09-04,已量产,1,AI训练/推理 / HPC,"NVIDIA Quadro RTX 6000 Mobile — Turing architecture, Quadro Turing-M(Tx000) generation, 24.0GB GDDR6",https://www.techpowerup.com/gpu-specs/quadro-rtx-6000-mobile.c3497,community,high,,1
NVIDIA,NVIDIA,foreign,GV100,Tesla PG500-216,GPU,both,datacenter,Volta,GV100,Tesla Volta(Vxx),12,TSMC,815,21.1,,32,HBM2,4096,1130,1106,5120,640,0,80,5120,128,6,FP64/FP32/FP16/BF16/INT8,FP64:7.1TFLOPS;FP32:14.1TFLOPS;FP16/BF16:28.3TFLOPS,1260,1380,250,600,None,,,Dual-slot,PCIe 3.0 x16,2019-11-26,已量产,1,AI训练/推理 / HPC,"NVIDIA Tesla PG500-216 — Volta architecture, Tesla Volta(Vxx) generation, 32.0GB HBM2",https://www.techpowerup.com/gpu-specs/tesla-pg500-216.c3791,community,high,,1
NVIDIA,NVIDIA,foreign,GV100,Tesla PG503-216,GPU,both,datacenter,Volta,GV100,Tesla Volta(Vxx),12,TSMC,815,21.1,,32,HBM2,4096,1130,1106,4608,640,0,80,4608,128,6,FP64/FP32/FP16/BF16/INT8,FP64:7.0TFLOPS;FP32:14.1TFLOPS;FP16/BF16:28.2TFLOPS,1312,1530,250,600,None,,,Dual-slot,PCIe 3.0 x16,2019-11-26,已量产,1,AI训练/推理 / HPC,"NVIDIA Tesla PG503-216 — Volta architecture, Tesla Volta(Vxx) generation, 32.0GB HBM2",https://www.techpowerup.com/gpu-specs/tesla-pg503-216.c3790,community,high,,1
NVIDIA,NVIDIA,foreign,GV100,Tesla V100 SXM2 16 GB,GPU,both,datacenter,Volta,GV100,Tesla Volta(Vxx),12,TSMC,815,21.1,,16,HBM2,4096,1130,1106,5120,640,0,80,5120,128,6,FP64/FP32/FP16/BF16/INT8,FP64:8.2TFLOPS;FP32:16.4TFLOPS;FP16/BF16:32.7TFLOPS,1245,1597,250,600,None,,,SXM Module,PCIe 3.0 x16,2019-11-26,已量产,1,AI训练/推理 / HPC,"NVIDIA Tesla V100 SXM2 16 GB — Volta architecture, Tesla Volta(Vxx) generation, 16.0GB HBM2",https://www.techpowerup.com/gpu-specs/tesla-v100-sxm2-16-gb.c3471,community,high,,1
NVIDIA,NVIDIA,foreign,GV100,Tesla V100S PCIe 32 GB,GPU,both,datacenter,Volta,GV100,Tesla Volta(Vxx),12,TSMC,815,21.1,,32,HBM2,4096,1130,1107,5120,640,0,80,5120,128,6,FP64/FP32/FP16/BF16/INT8,FP64:8.2TFLOPS;FP32:16.4TFLOPS;FP16/BF16:32.7TFLOPS,1245,1597,250,600,2x 8-pin,,,Dual-slot,PCIe 3.0 x16,2019-11-26,已量产,1,AI训练/推理 / HPC,"NVIDIA Tesla V100S PCIe 32 GB — Volta architecture, Tesla Volta(Vxx) generation, 32.0GB HBM2",https://www.techpowerup.com/gpu-specs/tesla-v100s-pcie-32-gb.c3467,community,high,,1
AMD,AMD,foreign,Vega 20,Radeon Pro Vega II,GPU,both,datacenter,GCN 5.1,Vega 20,Radeon Pro Mac(Vega Series),7,TSMC,331,13.23,BGA-1933,32,HBM2,4096,825.3,806,4096,0,0,0,4096,16,4,FP64/FP32/FP16/BF16/INT8,FP64:7.0TFLOPS;FP32:14.1TFLOPS;FP16/BF16:28.2TFLOPS,1574,1720,475,850,,,,Quad-slot,Apple MPX,2019-06-03,已量产,1,AI训练/推理 / HPC,"AMD Radeon Pro Vega II — GCN 5.1 architecture, Radeon Pro Mac(Vega Series) generation, 32.0GB HBM2",https://www.techpowerup.com/gpu-specs/radeon-pro-vega-ii.c3426,community,high,,1
AMD,AMD,foreign,Vega 20,Radeon Pro Vega II Duo,GPU,both,datacenter,GCN 5.1,Vega 20,Radeon Pro Mac(Vega Series),7,TSMC,331,13.23,BGA-1933,32,HBM2,4096,1020,1000,4096,0,0,0,4096,16,4,FP64/FP32/FP16/BF16/INT8,FP64:7.0TFLOPS;FP32:14.1TFLOPS;FP16/BF16:28.2TFLOPS,1400,1720,475,850,,,,Quad-slot,Apple MPX,2019-06-03,已量产,1,AI训练/推理 / HPC,"AMD Radeon Pro Vega II Duo — GCN 5.1 architecture, Radeon Pro Mac(Vega Series) generation, 32.0GB HBM2",https://www.techpowerup.com/gpu-specs/radeon-pro-vega-ii-duo.c3268,community,high,,1
AMD,AMD,foreign,Navi 10,Radeon Pro W5700X,GPU,both,datacenter,RDNA 1.0,Navi 10,Radeon Pro Mac(Navi Series),7,TSMC,251,10.3,BGA-1928,16,GDDR6,256,448,1750,2560,0,0,0,2560,0,4,FP64/FP32/FP16/BF16/INT8,FP64:0.7TFLOPS;FP32:10.4TFLOPS;FP16/BF16:20.9TFLOPS,1243,2040,205,550,,305,,Quad-slot,Apple MPX,2019-12-11,已量产,1,AI训练/推理 / HPC,"AMD Radeon Pro W5700X — RDNA 1.0 architecture, Radeon Pro Mac(Navi Series) generation, 16.0GB GDDR6",https://www.techpowerup.com/gpu-specs/radeon-pro-w5700x.c3583,community,high,,1
NVIDIA,NVIDIA,foreign,GA100,A100 PCIe 40 GB,GPU,both,datacenter,Ampere,GA100,Server Ampere(Axx),7,TSMC,826,54.2,BGA-2743,40,HBM2e,5120,1560,1215,6912,432,0,108,6912,192,40,FP64/FP32/FP16/BF16/INT8,FP64:9.7TFLOPS;FP32:19.5TFLOPS;FP16/BF16:78.0TFLOPS,765,1410,250,600,8-pin EPS,267,,Dual-slot,PCIe 4.0 x16,2020-06-22,已量产,1,AI训练/推理 / HPC,"NVIDIA A100 PCIe 40 GB — Ampere architecture, Server Ampere(Axx) generation, 40.0GB HBM2e",https://www.techpowerup.com/gpu-specs/a100-pcie-40-gb.c3623,community,high,,1
NVIDIA,NVIDIA,foreign,GA100,A100 SXM4 40 GB,GPU,both,datacenter,Ampere,GA100,Server Ampere(Axx),7,TSMC,826,54.2,BGA-2743,40,HBM2e,5120,1560,1215,6912,432,0,108,6912,192,40,FP64/FP32/FP16/BF16/INT8,FP64:9.7TFLOPS;FP32:19.5TFLOPS;FP16/BF16:78.0TFLOPS,1095,1410,400,800,None,,,SXM Module,PCIe 4.0 x16,2020-05-14,已量产,1,AI训练/推理 / HPC,"NVIDIA A100 SXM4 40 GB — Ampere architecture, Server Ampere(Axx) generation, 40.0GB HBM2e",https://www.techpowerup.com/gpu-specs/a100-sxm4-40-gb.c3506,community,high,,1
NVIDIA,NVIDIA,foreign,GA100,A100 SXM4 80 GB,GPU,both,datacenter,Ampere,GA100,Server Ampere(Axx),7,TSMC,826,54.2,BGA-2743,80,HBM2e,5120,2040,1593,6912,432,0,108,6912,192,40,FP64/FP32/FP16/BF16/INT8,FP64:9.7TFLOPS;FP32:19.5TFLOPS;FP16/BF16:78.0TFLOPS,1275,1410,400,800,None,,,OAM Module,PCIe 4.0 x16,2020-11-16,已量产,1,AI训练/推理 / HPC,"NVIDIA A100 SXM4 80 GB — Ampere architecture, Server Ampere(Axx) generation, 80.0GB HBM2e",https://www.techpowerup.com/gpu-specs/a100-sxm4-80-gb.c3746,community,high,,1
NVIDIA,NVIDIA,foreign,GA102,A40 PCIe,GPU,both,datacenter,Ampere,GA102,Server Ampere(Axx),8,Samsung,628,28.3,BGA-3328,48,GDDR6,384,695.8,1812,10752,336,84,84,10752,128,6,FP64/FP32/FP16/BF16/INT8,FP64:0.6TFLOPS;FP32:37.4TFLOPS;FP16/BF16:37.4TFLOPS,1305,1740,300,700,8-pin EPS,267,,Dual-slot,PCIe 4.0 x16,2020-10-05,已量产,1,AI训练/推理 / HPC,"NVIDIA A40 PCIe — Ampere architecture, Server Ampere(Axx) generation, 48.0GB GDDR6",https://www.techpowerup.com/gpu-specs/a40-pcie.c3700,community,high,,1
NVIDIA,NVIDIA,foreign,GA100,DRIVE A100 PROD,GPU,both,datacenter,Ampere,GA100,DRIVE(Axx),7,TSMC,826,54.2,BGA-2743,32,HBM2e,6144,1870,1215,6912,432,0,108,6912,192,32,FP64/FP32/FP16/BF16/INT8,FP64:8.7TFLOPS;FP32:17.4TFLOPS;FP16/BF16:69.7TFLOPS,1260,1260,400,800,None,,,IGP,PCIe 4.0 x16,2020-05-14,已量产,1,AI训练/推理 / HPC,"NVIDIA DRIVE A100 PROD — Ampere architecture, DRIVE(Axx) generation, 32.0GB HBM2e",https://www.techpowerup.com/gpu-specs/drive-a100-prod.c3967,community,high,,1
NVIDIA,NVIDIA,foreign,GA100,GRID A100A,GPU,both,datacenter,Ampere,GA100,GRID(Ax),7,TSMC,826,54.2,BGA-2743,32,HBM2e,6144,1870,1215,6912,432,0,108,6912,192,32,FP64/FP32/FP16/BF16/INT8,FP64:9.7TFLOPS;FP32:19.5TFLOPS;FP16/BF16:78.0TFLOPS,1095,1410,400,800,None,,,IGP,PCIe 4.0 x16,2020-05-14,已量产,1,AI训练/推理 / HPC,"NVIDIA GRID A100A — Ampere architecture, GRID(Ax) generation, 32.0GB HBM2e",https://www.techpowerup.com/gpu-specs/grid-a100a.c3579,community,high,,1
NVIDIA,NVIDIA,foreign,GA100,GRID A100B,GPU,both,datacenter,Ampere,GA100,GRID(Ax),7,TSMC,826,54.2,BGA-2743,48,HBM2e,6144,1870,1215,6912,432,0,108,6912,192,48,FP64/FP32/FP16/BF16/INT8,FP64:6.9TFLOPS;FP32:13.9TFLOPS;FP16/BF16:55.6TFLOPS,900,1005,400,800,None,,,IGP,PCIe 4.0 x16,2020-05-14,已量产,1,AI训练/推理 / HPC,"NVIDIA GRID A100B — Ampere architecture, GRID(Ax) generation, 48.0GB HBM2e",https://www.techpowerup.com/gpu-specs/grid-a100b.c3578,community,high,,1
NVIDIA,NVIDIA,foreign,GV10B,Jetson Xavier NX 16 GB,GPU,both,datacenter,Volta,GV10B,Tegra(Volta),12,TSMC,350,9,,16,LPDDR4X,128,59.71,1866,384,48,0,6,384,128,0.25,FP64/FP32/FP16/BF16/INT8,FP64:0.4TFLOPS;FP32:0.8TFLOPS;FP16/BF16:1.7TFLOPS,854,1100,20,,,70,,IGP,PCIe 4.0 x4,2020-05-14,已量产,1,AI训练/推理 / HPC,"NVIDIA Jetson Xavier NX 16 GB — Volta architecture, Tegra(Volta) generation, 16.0GB LPDDR4X",https://www.techpowerup.com/gpu-specs/jetson-xavier-nx-16-gb.c4087,community,high,,1
NVIDIA,NVIDIA,foreign,TU104B,Quadro RTX 5000 Mobile Refresh,GPU,both,datacenter,Turing,TU104B,Quadro Turing-M(Tx000),12,TSMC,545,13.6,BGA-2228,16,GDDR6,256,448,1750,3072,384,48,48,3072,64,4,FP64/FP32/FP16/BF16/INT8,FP64:0.3TFLOPS;FP32:9.4TFLOPS;FP16/BF16:18.8TFLOPS,1035,1530,110,,None,,,IGP,PCIe 3.0 x16,2020-06-08,已量产,1,AI训练/推理 / HPC,"NVIDIA Quadro RTX 5000 Mobile Refresh — Turing architecture, Quadro Turing-M(Tx000) generation, 16.0GB GDDR6",https://www.techpowerup.com/gpu-specs/quadro-rtx-5000-mobile-refresh.c3625,community,high,,1
NVIDIA,NVIDIA,foreign,TU104,Quadro RTX 5000 X2 Mobile,GPU,both,datacenter,Turing,TU104,Quadro Turing-M(Tx000),12,TSMC,545,13.6,BGA-2228,16,GDDR6,256,448,1750,3072,384,48,48,3072,64,4,FP64/FP32/FP16/BF16/INT8,FP64:0.3TFLOPS;FP32:9.4TFLOPS;FP16/BF16:18.8TFLOPS,1035,1530,110,,None,,,IGP,PCIe 3.0 x16,2020-06-08,已量产,1,AI训练/推理 / HPC,"NVIDIA Quadro RTX 5000 X2 Mobile — Turing architecture, Quadro Turing-M(Tx000) generation, 16.0GB GDDR6",https://www.techpowerup.com/gpu-specs/quadro-rtx-5000-x2-mobile.c4121,community,high,,1
NVIDIA,NVIDIA,foreign,GA102,RTX A6000,GPU,both,datacenter,Ampere,GA102,Workstation Ampere(Ax000),8,Samsung,628,28.3,BGA-3328,48,GDDR6,384,768,2000,10752,336,84,84,10752,128,6,FP64/FP32/FP16/BF16/INT8,FP64:0.6TFLOPS;FP32:38.7TFLOPS;FP16/BF16:38.7TFLOPS,1410,1800,300,700,8-pin EPS,267,,Dual-slot,PCIe 4.0 x16,2020-10-05,已量产,1,AI训练/推理 / HPC,"NVIDIA RTX A6000 — Ampere architecture, Workstation Ampere(Ax000) generation, 48.0GB GDDR6",https://www.techpowerup.com/gpu-specs/rtx-a6000.c3686,community,high,,1
NVIDIA,NVIDIA,foreign,TU102,Tesla T10 16 GB,GPU,both,datacenter,Turing,TU102,Tesla Turing(Txx),12,TSMC,754,18.6,,16,GDDR6,256,403.2,1575,3584,448,56,56,3584,64,6,FP64/FP32/FP16/BF16/INT8,FP64:0.3TFLOPS;FP32:10.0TFLOPS;FP16/BF16:20.0TFLOPS,1065,1395,150,450,1x 8-pin,267,,Single-slot,PCIe 3.0 x16,2020-01-01,已量产,1,AI训练/推理 / HPC,"NVIDIA Tesla T10 16 GB — Turing architecture, Tesla Turing(Txx) generation, 16.0GB GDDR6",https://www.techpowerup.com/gpu-specs/tesla-t10-16-gb.c4036,community,high,,1
AMD,AMD,foreign,Arcturus,Radeon Instinct MI100,GPU,both,datacenter,CDNA 1.0,Arcturus,Radeon Instinct(MIx),7,TSMC,750,25.6,,32,HBM2,4096,1230,1200,7680,0,0,0,7680,16,8,FP64/FP32/FP16/BF16/INT8,FP64:11.5TFLOPS;FP32:23.1TFLOPS;FP16/BF16:184.6TFLOPS,1000,1502,300,700,2x 8-pin,267,,Dual-slot,PCIe 4.0 x16,2020-11-16,已量产,1,AI训练/推理 / HPC,"AMD Radeon Instinct MI100 — CDNA 1.0 architecture, Radeon Instinct(MIx) generation, 32.0GB HBM2",https://www.techpowerup.com/gpu-specs/radeon-instinct-mi100.c3496,community,high,,1
NVIDIA,NVIDIA,foreign,GA102,A10 PCIe,GPU,both,datacenter,Ampere,GA102,Server Ampere(Axx),8,Samsung,628,28.3,BGA-3328,24,GDDR6,384,600.2,1563,9216,288,72,72,9216,128,6,FP64/FP32/FP16/BF16/INT8,FP64:1.0TFLOPS;FP32:31.2TFLOPS;FP16/BF16:31.2TFLOPS,885,1695,150,450,1x 8-pin,267,,Single-slot,PCIe 4.0 x16,2021-04-12,已量产,1,AI训练/推理 / HPC,"NVIDIA A10 PCIe — Ampere architecture, Server Ampere(Axx) generation, 24.0GB GDDR6",https://www.techpowerup.com/gpu-specs/a10-pcie.c3793,community,high,,1
NVIDIA,NVIDIA,foreign,GA100,A100 PCIe 80 GB,GPU,both,datacenter,Ampere,GA100,Server Ampere(Axx),7,TSMC,826,54.2,BGA-2743,80,HBM2e,5120,1940,1512,6912,432,0,108,6912,192,80,FP64/FP32/FP16/BF16/INT8,FP64:9.7TFLOPS;FP32:19.5TFLOPS;FP16/BF16:78.0TFLOPS,1065,1410,300,700,8-pin EPS,267,,Dual-slot,PCIe 4.0 x16,2021-06-28,已量产,1,AI训练/推理 / HPC,"NVIDIA A100 PCIe 80 GB — Ampere architecture, Server Ampere(Axx) generation, 80.0GB HBM2e",https://www.techpowerup.com/gpu-specs/a100-pcie-80-gb.c3821,community,high,,1
NVIDIA,NVIDIA,foreign,GA100,A100X,GPU,both,datacenter,Ampere,GA100,Server Ampere(Axx),7,TSMC,826,54.2,BGA-2743,80,HBM2e,5120,2040,1593,6912,432,0,108,6912,192,80,FP64/FP32/FP16/BF16/INT8,FP64:10.0TFLOPS;FP32:19.9TFLOPS;FP16/BF16:79.6TFLOPS,795,1440,300,700,1x 16-pin,267,,Dual-slot,PCIe 4.0 x8,2021-06-28,已量产,1,AI训练/推理 / HPC,"NVIDIA A100X — Ampere architecture, Server Ampere(Axx) generation, 80.0GB HBM2e",https://www.techpowerup.com/gpu-specs/a100x.c3958,community,high,63,0
NVIDIA,NVIDIA,foreign,GA102,A10G,GPU,both,datacenter,Ampere,GA102,Server Ampere(Axx),8,Samsung,628,28.3,BGA-3328,24,GDDR6,384,600.2,1563,9216,288,72,72,9216,128,6,FP64/FP32/FP16/BF16/INT8,FP64:1.0TFLOPS;FP32:31.5TFLOPS;FP16/BF16:31.5TFLOPS,1320,1710,150,450,8-pin EPS,267,,Single-slot,PCIe 4.0 x16,2021-04-12,已量产,1,AI训练/推理 / HPC,"NVIDIA A10G — Ampere architecture, Server Ampere(Axx) generation, 24.0GB GDDR6",https://www.techpowerup.com/gpu-specs/a10g.c3798,community,high,,1
NVIDIA,NVIDIA,foreign,GA100,A30 PCIe,GPU,both,datacenter,Ampere,GA100,Server Ampere(Axx),7,TSMC,826,54.2,BGA-2743,24,HBM2e,3072,933.1,1215,3584,224,0,56,3584,192,24,FP64/FP32/FP16/BF16/INT8,FP64:5.2TFLOPS;FP32:10.3TFLOPS;FP16/BF16:10.3TFLOPS,930,1440,165,450,8-pin EPS,267,,Dual-slot,PCIe 4.0 x16,2021-04-12,已量产,1,AI训练/推理 / HPC,"NVIDIA A30 PCIe — Ampere architecture, Server Ampere(Axx) generation, 24.0GB HBM2e",https://www.techpowerup.com/gpu-specs/a30-pcie.c3792,community,high,,1
NVIDIA,NVIDIA,foreign,GA100,A30X,GPU,both,datacenter,Ampere,GA100,Server Ampere(Axx),7,TSMC,826,54.2,BGA-2743,24,HBM2e,3072,1220,1593,3584,224,0,56,3584,192,24,FP64/FP32/FP16/BF16/INT8,FP64:5.2TFLOPS;FP32:10.3TFLOPS;FP16/BF16:10.3TFLOPS,1035,1440,230,550,1x 16-pin,267,,Dual-slot,PCIe 4.0 x8,2021-04-12,已量产,1,AI训练/推理 / HPC,"NVIDIA A30X — Ampere architecture, Server Ampere(Axx) generation, 24.0GB HBM2e",https://www.techpowerup.com/gpu-specs/a30x.c3968,community,high,,1
NVIDIA,NVIDIA,foreign,GA100,PG506-207,GPU,both,datacenter,Ampere,GA100,Server Ampere(Axx),7,TSMC,826,54.2,BGA-2743,24,HBM2,3072,933.1,1215,3584,224,0,56,3584,192,24,FP64/FP32/FP16/BF16/INT8,FP64:5.2TFLOPS;FP32:10.3TFLOPS;FP16/BF16:10.3TFLOPS,930,1440,165,450,8-pin EPS,267,,Dual-slot,PCIe 4.0 x16,2021-04-12,已量产,1,AI训练/推理 / HPC,"NVIDIA PG506-207 — Ampere architecture, Server Ampere(Axx) generation, 24.0GB HBM2",https://www.techpowerup.com/gpu-specs/pg506-207.c3962,community,high,,1
NVIDIA,NVIDIA,foreign,GA100,PG506-217,GPU,both,datacenter,Ampere,GA100,Server Ampere(Axx),7,TSMC,826,54.2,BGA-2743,24,HBM2,3072,933.1,1215,3584,224,0,56,3584,192,24,FP64/FP32/FP16/BF16/INT8,FP64:5.2TFLOPS;FP32:10.3TFLOPS;FP16/BF16:10.3TFLOPS,930,1440,165,450,8-pin EPS,267,,Dual-slot,PCIe 4.0 x16,2021-04-12,已量产,1,AI训练/推理 / HPC,"NVIDIA PG506-217 — Ampere architecture, Server Ampere(Axx) generation, 24.0GB HBM2",https://www.techpowerup.com/gpu-specs/pg506-217.c3963,community,high,,1
NVIDIA,NVIDIA,foreign,GA100,PG506-232,GPU,both,datacenter,Ampere,GA100,Server Ampere(Axx),7,TSMC,826,54.2,BGA-2743,24,HBM2,3072,933.1,1215,3584,224,0,56,3584,192,24,FP64/FP32/FP16/BF16/INT8,FP64:5.2TFLOPS;FP32:10.3TFLOPS;FP16/BF16:10.3TFLOPS,930,1440,165,450,8-pin EPS,267,,Dual-slot,PCIe 4.0 x16,2021-04-12,已量产,1,AI训练/推理 / HPC,"NVIDIA PG506-232 — Ampere architecture, Server Ampere(Axx) generation, 24.0GB HBM2",https://www.techpowerup.com/gpu-specs/pg506-232.c3799,community,high,,1
NVIDIA,NVIDIA,foreign,GA100,PG506-242,GPU,both,datacenter,Ampere,GA100,Server Ampere(Axx),7,TSMC,826,54.2,BGA-2743,24,HBM2,3072,933.1,1215,3584,224,0,56,3584,192,24,FP64/FP32/FP16/BF16/INT8,FP64:5.2TFLOPS;FP32:10.3TFLOPS;FP16/BF16:10.3TFLOPS,930,1440,165,450,8-pin EPS,267,,Dual-slot,PCIe 4.0 x16,2021-04-12,已量产,1,AI训练/推理 / HPC,"NVIDIA PG506-242 — Ampere architecture, Server Ampere(Axx) generation, 24.0GB HBM2",https://www.techpowerup.com/gpu-specs/pg506-242.c3823,community,high,,1
NVIDIA,NVIDIA,foreign,GA102,RTX A5000,GPU,both,datacenter,Ampere,GA102,Workstation Ampere(Ax000),8,Samsung,628,28.3,BGA-3328,24,GDDR6,384,768,2000,8192,256,64,64,8192,128,6,FP64/FP32/FP16/BF16/INT8,FP64:0.4TFLOPS;FP32:27.8TFLOPS;FP16/BF16:27.8TFLOPS,1170,1695,230,550,1x 8-pin,267,,Dual-slot,PCIe 4.0 x16,2021-04-12,已量产,1,AI训练/推理 / HPC,"NVIDIA RTX A5000 — Ampere architecture, Workstation Ampere(Ax000) generation, 24.0GB GDDR6",https://www.techpowerup.com/gpu-specs/rtx-a5000.c3748,community,high,,1
AMD,AMD,foreign,Aldebaran,Radeon Instinct MI200,GPU,both,datacenter,CDNA 2.0,Aldebaran,Radeon Instinct(MIx),6,TSMC,724,58.2,,64,HBM2e,4096,1640,1600,6656,0,0,0,6656,16,16,FP64/FP32/FP16/BF16/INT8,FP64:22.6TFLOPS;FP32:22.6TFLOPS;FP16/BF16:181.0TFLOPS,1000,1700,300,700,1x 8-pin,,,OAM Module,PCIe 4.0 x16,2021-12-01,已量产,1,AI训练/推理 / HPC,"AMD Radeon Instinct MI200 — CDNA 2.0 architecture, Radeon Instinct(MIx) generation, 64.0GB HBM2e",https://www.techpowerup.com/gpu-specs/radeon-instinct-mi200.c4077,community,high,,1
AMD,AMD,foreign,Aldebaran,Radeon Instinct MI210,GPU,both,datacenter,CDNA 2.0,Aldebaran,Radeon Instinct(MIx),6,TSMC,724,58.2,,64,HBM2e,4096,1640,1600,6656,0,0,0,6656,16,16,FP64/FP32/FP16/BF16/INT8,FP64:22.6TFLOPS;FP32:22.6TFLOPS;FP16/BF16:181.0TFLOPS,1000,1700,300,700,1x 8-pin,267,,Dual-slot,PCIe 4.0 x16,2021-12-01,已量产,1,AI训练/推理 / HPC,"AMD Radeon Instinct MI210 — CDNA 2.0 architecture, Radeon Instinct(MIx) generation, 64.0GB HBM2e",https://www.techpowerup.com/gpu-specs/radeon-instinct-mi210.c3857,community,high,,1
AMD,AMD,foreign,Aldebaran,Radeon Instinct MI250,GPU,both,datacenter,CDNA 2.0,Aldebaran,Radeon Instinct(MIx),6,TSMC,724,58.2,,128,HBM2e,8192,3280,1600,13312,0,0,0,13312,16,16,FP64/FP32/FP16/BF16/INT8,FP64:45.3TFLOPS;FP32:45.3TFLOPS;FP16/BF16:362.1TFLOPS,1000,1700,500,900,2x 8-pin,267,,Dual-slot,PCIe 4.0 x16,2021-11-08,已量产,1,AI训练/推理 / HPC,"AMD Radeon Instinct MI250 — CDNA 2.0 architecture, Radeon Instinct(MIx) generation, 128.0GB HBM2e",https://www.techpowerup.com/gpu-specs/radeon-instinct-mi250.c3847,community,high,,1
AMD,AMD,foreign,Aldebaran,Radeon Instinct MI250X,GPU,both,datacenter,CDNA 2.0,Aldebaran,Radeon Instinct(MIx),6,TSMC,724,58.2,,128,HBM2e,8192,3280,1600,14080,0,0,0,14080,16,16,FP64/FP32/FP16/BF16/INT8,FP64:47.9TFLOPS;FP32:47.9TFLOPS;FP16/BF16:383.0TFLOPS,1000,1700,500,900,2x 8-pin,267,,Dual-slot,PCIe 4.0 x16,2021-11-08,已量产,1,AI训练/推理 / HPC,"AMD Radeon Instinct MI250X — CDNA 2.0 architecture, Radeon Instinct(MIx) generation, 128.0GB HBM2e",https://www.techpowerup.com/gpu-specs/radeon-instinct-mi250x.c3837,community,high,,1
AMD,AMD,foreign,Navi 21,Radeon PRO W6800,GPU,both,datacenter,RDNA 2.0,Navi 21,Radeon Pro Navi(Navi II Series),7,TSMC,520,26.8,BGA-2425,32,GDDR6,256,512,2000,3840,0,60,0,3840,128,4,FP64/FP32/FP16/BF16/INT8,FP64:1.1TFLOPS;FP32:17.8TFLOPS;FP16/BF16:35.7TFLOPS,1575,2322,250,600,1x 6-pin + 1x 8-pin,267,50,Dual-slot,PCIe 4.0 x16,2021-06-08,已量产,1,AI训练/推理 / HPC,"AMD Radeon PRO W6800 — RDNA 2.0 architecture, Radeon Pro Navi(Navi II Series) generation, 32.0GB GDDR6",https://www.techpowerup.com/gpu-specs/radeon-pro-w6800.c3809,community,high,,1
AMD,AMD,foreign,Navi 21,Radeon Pro W6800X,GPU,both,datacenter,RDNA 2.0,Navi 21,Radeon Pro Mac(Navi II Series),7,TSMC,520,26.8,BGA-2425,32,GDDR6,256,512,2000,3840,0,60,0,3840,128,4,FP64/FP32/FP16/BF16/INT8,FP64:1.0TFLOPS;FP32:16.0TFLOPS;FP16/BF16:32.1TFLOPS,1800,2087,200,550,Apple MPX,267,,Quad-slot,Apple MPX,2021-08-03,已量产,1,AI训练/推理 / HPC,"AMD Radeon Pro W6800X — RDNA 2.0 architecture, Radeon Pro Mac(Navi II Series) generation, 32.0GB GDDR6",https://www.techpowerup.com/gpu-specs/radeon-pro-w6800x.c3826,community,high,,1
AMD,AMD,foreign,Navi 21,Radeon Pro W6800X Duo,GPU,both,datacenter,RDNA 2.0,Navi 21,Radeon Pro Mac(Navi II Series),7,TSMC,520,26.8,BGA-2425,32,GDDR6,256,512,2000,3840,0,60,0,3840,128,4,FP64/FP32/FP16/BF16/INT8,FP64:0.9TFLOPS;FP32:15.1TFLOPS;FP16/BF16:30.2TFLOPS,1800,1967,400,800,,267,,Quad-slot,Apple MPX,2021-08-03,已量产,1,AI训练/推理 / HPC,"AMD Radeon Pro W6800X Duo — RDNA 2.0 architecture, Radeon Pro Mac(Navi II Series) generation, 32.0GB GDDR6",https://www.techpowerup.com/gpu-specs/radeon-pro-w6800x-duo.c3824,community,high,,1
AMD,AMD,foreign,Navi 21,Radeon Pro W6900X,GPU,both,datacenter,RDNA 2.0,Navi 21,Radeon Pro Mac(Navi II Series),7,TSMC,520,26.8,BGA-2425,32,GDDR6,256,512,2000,5120,0,80,0,5120,128,4,FP64/FP32/FP16/BF16/INT8,FP64:1.4TFLOPS;FP32:22.2TFLOPS;FP16/BF16:44.5TFLOPS,1825,2171,300,700,,267,,,Apple MPX,2021-08-03,已量产,1,AI训练/推理 / HPC,"AMD Radeon Pro W6900X — RDNA 2.0 architecture, Radeon Pro Mac(Navi II Series) generation, 32.0GB GDDR6",https://www.techpowerup.com/gpu-specs/radeon-pro-w6900x.c3825,community,high,,1
Intel,Intel,foreign,Arctic Sound,Arctic Sound 1T,GPU,both,datacenter,Generation 12.5,Arctic Sound,Data Center GPU(Arctic Sound),10,Intel,190,8,,16,HBM2e,4096,1230,1200,6144,0,0,0,6144,0,8,FP64/FP32/FP16/BF16/INT8,FP64:2.8TFLOPS;FP32:11.1TFLOPS;FP16/BF16:22.1TFLOPS,900,900,350,750,None,267,,Dual-slot,PCIe 4.0 x16,2021-01-01,已量产,1,AI训练/推理 / HPC,"Intel Arctic Sound 1T — Generation 12.5 architecture, Data Center GPU(Arctic Sound) generation, 16.0GB HBM2e",https://www.techpowerup.com/gpu-specs/arctic-sound-1t.c3886,community,high,,1
Intel,Intel,foreign,Arctic Sound,Arctic Sound 2T,GPU,both,datacenter,Generation 12.5,Arctic Sound,Data Center GPU(Arctic Sound),10,Intel,190,8,,16,HBM2e,4096,1230,1200,7680,0,0,0,7680,0,8,FP64/FP32/FP16/BF16/INT8,FP64:3.5TFLOPS;FP32:13.8TFLOPS;FP16/BF16:27.6TFLOPS,900,900,500,900,None,267,,Dual-slot,PCIe 4.0 x16,2021-01-01,已量产,1,AI训练/推理 / HPC,"Intel Arctic Sound 2T — Generation 12.5 architecture, Data Center GPU(Arctic Sound) generation, 16.0GB HBM2e",https://www.techpowerup.com/gpu-specs/arctic-sound-2t.c3503,community,high,,1
NVIDIA,NVIDIA,foreign,GA100,A800 PCIe 40 GB,GPU,both,datacenter,Ampere,GA100,Server Ampere(Axx),7,TSMC,826,54.2,BGA-2743,40,HBM2e,5120,1560,1215,6912,432,0,108,6912,192,40,FP64/FP32/FP16/BF16/INT8,FP64:9.7TFLOPS;FP32:19.5TFLOPS;FP16/BF16:78.0TFLOPS,765,1410,250,600,8-pin EPS,267,,Dual-slot,PCIe 4.0 x16,2022-11-08,已量产,1,AI训练/推理 / HPC,"NVIDIA A800 PCIe 40 GB — Ampere architecture, Server Ampere(Axx) generation, 40.0GB HBM2e",https://www.techpowerup.com/gpu-specs/a800-pcie-40-gb.c3964,community,high,,1
NVIDIA,NVIDIA,foreign,GA100,A800 PCIe 80 GB,GPU,both,datacenter,Ampere,GA100,Server Ampere(Axx),7,TSMC,826,54.2,BGA-2743,80,HBM2e,5120,1940,1512,6912,432,0,108,6912,192,80,FP64/FP32/FP16/BF16/INT8,FP64:9.7TFLOPS;FP32:19.5TFLOPS;FP16/BF16:78.0TFLOPS,1065,1410,250,600,8-pin EPS,267,,Dual-slot,PCIe 4.0 x16,2022-11-08,已量产,1,AI训练/推理 / HPC,"NVIDIA A800 PCIe 80 GB — Ampere architecture, Server Ampere(Axx) generation, 80.0GB HBM2e",https://www.techpowerup.com/gpu-specs/a800-pcie-80-gb.c3965,community,high,,1
NVIDIA,NVIDIA,foreign,GA100,A800 SXM4 80 GB,GPU,both,datacenter,Ampere,GA100,Server Ampere(Axx),7,TSMC,826,54.2,BGA-2743,80,HBM2e,5120,2040,1593,6912,432,0,108,6912,192,40,FP64/FP32/FP16/BF16/INT8,FP64:9.7TFLOPS;FP32:19.5TFLOPS;FP16/BF16:78.0TFLOPS,1155,1410,400,800,None,,,SXM Module,PCIe 4.0 x16,2022-08-11,已量产,1,AI训练/推理 / HPC,"NVIDIA A800 SXM4 80 GB — Ampere architecture, Server Ampere(Axx) generation, 80.0GB HBM2e",https://www.techpowerup.com/gpu-specs/a800-sxm4-80-gb.c3966,community,high,,1
NVIDIA,NVIDIA,foreign,GH100,H100 PCIe 80 GB,GPU,both,datacenter,Hopper,GH100,Server Hopper(Hxx),5,TSMC,814,80,,80,HBM2e,5120,2040,1593,14592,456,0,114,14592,250,50,FP64/FP32/FP16/BF16/INT8,FP64:25.6TFLOPS;FP32:51.2TFLOPS;FP16/BF16:204.9TFLOPS,1095,1755,350,750,1x 16-pin,268,,Dual-slot,PCIe 5.0 x16,2022-10-01,已量产,1,AI训练/推理 / HPC,"NVIDIA H100 PCIe 80 GB — Hopper architecture, Server Hopper(Hxx) generation, 80.0GB HBM2e",https://www.techpowerup.com/gpu-specs/h100-pcie-80-gb.c3899,community,high,,1
NVIDIA,NVIDIA,foreign,GH100,H100 SXM5 80 GB,GPU,both,datacenter,Hopper,GH100,Server Hopper(Hxx),5,TSMC,814,80,,80,HBM3,5120,3360,1313,16896,528,0,132,16896,250,50,FP64/FP32/FP16/BF16/INT8,FP64:33.5TFLOPS;FP32:66.9TFLOPS;FP16/BF16:267.6TFLOPS,1590,1980,700,1100,None,,,SXM Module,PCIe 5.0 x16,2022-10-01,已量产,1,AI训练/推理 / HPC,"NVIDIA H100 SXM5 80 GB — Hopper architecture, Server Hopper(Hxx) generation, 80.0GB HBM3",https://www.techpowerup.com/gpu-specs/h100-sxm5-80-gb.c3900,community,high,,1
NVIDIA,NVIDIA,foreign,AD102,L40,GPU,both,datacenter,Ada Lovelace,AD102,Server Ada(Lxx),5,TSMC,609,76.3,,48,GDDR6,384,864,2250,18176,568,142,142,18176,128,96,FP64/FP32/FP16/BF16/INT8,FP64:1.4TFLOPS;FP32:90.5TFLOPS;FP16/BF16:90.5TFLOPS,735,2490,300,700,1x 16-pin,267,,Dual-slot,PCIe 4.0 x16,2022-10-13,已量产,1,AI训练/推理 / HPC,"NVIDIA L40 — Ada Lovelace architecture, Server Ada(Lxx) generation, 48.0GB GDDR6",https://www.techpowerup.com/gpu-specs/l40.c3959,community,high,,1
NVIDIA,NVIDIA,foreign,AD102,L40 CNX,GPU,both,datacenter,Ada Lovelace,AD102,Server Ada(Lxx),5,TSMC,609,76.3,,24,GDDR6,384,864,2250,18176,568,142,142,18176,128,48,FP64/FP32/FP16/BF16/INT8,FP64:1.4TFLOPS;FP32:90.0TFLOPS;FP16/BF16:90.0TFLOPS,1005,2475,300,700,1x 16-pin,267,,Dual-slot,PCIe 4.0 x16,2022-10-13,已量产,1,AI训练/推理 / HPC,"NVIDIA L40 CNX — Ada Lovelace architecture, Server Ada(Lxx) generation, 24.0GB GDDR6",https://www.techpowerup.com/gpu-specs/l40-cnx.c3961,community,high,,1
NVIDIA,NVIDIA,foreign,AD102,L40G,GPU,both,datacenter,Ada Lovelace,AD102,Server Ada(Lxx),5,TSMC,609,76.3,,24,GDDR6,384,864,2250,18176,568,142,142,18176,128,48,FP64/FP32/FP16/BF16/INT8,FP64:1.4TFLOPS;FP32:90.0TFLOPS;FP16/BF16:90.0TFLOPS,1005,2475,300,700,1x 16-pin,267,,Dual-slot,PCIe 4.0 x16,2022-10-13,已量产,1,AI训练/推理 / HPC,"NVIDIA L40G — Ada Lovelace architecture, Server Ada(Lxx) generation, 24.0GB GDDR6",https://www.techpowerup.com/gpu-specs/l40g.c3960,community,high,,1
NVIDIA,NVIDIA,foreign,AD102,L40S,GPU,both,datacenter,Ada Lovelace,AD102,Server Ada(Lxx),5,TSMC,609,76.3,,48,GDDR6,384,864,2250,18176,568,142,142,18176,128,48,FP64/FP32/FP16/BF16/INT8,FP64:1.4TFLOPS;FP32:91.6TFLOPS;FP16/BF16:91.6TFLOPS,1110,2520,300,700,1x 16-pin,267,,Dual-slot,PCIe 4.0 x16,2022-10-13,已量产,1,AI训练/推理 / HPC,"NVIDIA L40S — Ada Lovelace architecture, Server Ada(Lxx) generation, 48.0GB GDDR6",https://www.techpowerup.com/gpu-specs/l40s.c4173,community,high,,1
NVIDIA,NVIDIA,foreign,AD102,RTX 6000 Ada Generation,GPU,both,datacenter,Ada Lovelace,AD102,Workstation Ada(x000A),5,TSMC,609,76.3,,48,GDDR6,384,960,2500,18176,568,142,142,18176,128,96,FP64/FP32/FP16/BF16/INT8,FP64:1.4TFLOPS;FP32:91.1TFLOPS;FP16/BF16:91.1TFLOPS,915,2505,300,700,1x 16-pin,267,,Dual-slot,PCIe 4.0 x16,2022-12-03,已量产,1,AI训练/推理 / HPC,"NVIDIA RTX 6000 Ada Generation — Ada Lovelace architecture, Workstation Ada(x000A) generation, 48.0GB GDDR6",https://www.techpowerup.com/gpu-specs/rtx-6000-ada-generation.c3933,community,high,,1
NVIDIA,NVIDIA,foreign,GA102,RTX A5500,GPU,both,datacenter,Ampere,GA102,Workstation Ampere(Ax000),8,Samsung,628,28.3,BGA-3328,24,GDDR6,384,768,2000,10240,320,80,80,10240,128,6,FP64/FP32/FP16/BF16/INT8,FP64:0.5TFLOPS;FP32:34.1TFLOPS;FP16/BF16:34.1TFLOPS,1080,1665,230,550,1x 8-pin,267,,Dual-slot,PCIe 4.0 x16,2022-03-22,已量产,1,AI训练/推理 / HPC,"NVIDIA RTX A5500 — Ampere architecture, Workstation Ampere(Ax000) generation, 24.0GB GDDR6",https://www.techpowerup.com/gpu-specs/rtx-a5500.c3901,community,high,,1
Intel,Intel,foreign,Arctic Sound,Arctic Sound-M,GPU,both,datacenter,Generation 12.5,Arctic Sound,Data Center GPU(Arctic Sound),10,Intel,190,8,,16,HBM2e,4096,1230,1200,8192,0,0,0,8192,0,8,FP64/FP32/FP16/BF16/INT8,FP64:3.7TFLOPS;FP32:14.8TFLOPS;FP16/BF16:29.5TFLOPS,900,900,500,900,8-pin EPS,267,,Single-slot,PCIe 4.0 x16,2022-01-01,已量产,1,AI训练/推理 / HPC,"Intel Arctic Sound-M — Generation 12.5 architecture, Data Center GPU(Arctic Sound) generation, 16.0GB HBM2e",https://www.techpowerup.com/gpu-specs/arctic-sound-m.c3885,community,high,,1
Intel,Intel,foreign,DG2-512,Data Center GPU Flex 170,GPU,both,datacenter,Xe-HPG,DG2-512,Data Center GPU(Arctic Sound),6,TSMC,406,21.7,,16,GDDR6,256,512,2000,4096,0,32,0,4096,0,16,FP32/FP16/BF16/INT8,FP32:16.8TFLOPS;FP16/BF16:33.6TFLOPS,1950,2050,150,450,1x 8-pin,,,Dual-slot,PCIe 4.0 x16,2022-08-24,已量产,1,AI训练/推理 / HPC,"Intel Data Center GPU Flex 170 — Xe-HPG architecture, Data Center GPU(Arctic Sound) generation, 16.0GB GDDR6",https://www.techpowerup.com/gpu-specs/data-center-gpu-flex-170.c4071,community,high,,1
NVIDIA,NVIDIA,foreign,GH100,H100 CNX,GPU,both,datacenter,Hopper,GH100,Server Hopper(Hxx),5,TSMC,814,80,,80,HBM2e,5120,2040,1593,14592,456,0,114,14592,250,50,FP64/FP32/FP16/BF16/INT8,FP64:26.9TFLOPS;FP32:53.8TFLOPS;FP16/BF16:215.4TFLOPS,690,1845,350,750,8-pin EPS,267,,Dual-slot,PCIe 5.0 x16,2023-03-21,已量产,1,AI训练/推理 / HPC,"NVIDIA H100 CNX — Hopper architecture, Server Hopper(Hxx) generation, 80.0GB HBM2e",https://www.techpowerup.com/gpu-specs/h100-cnx.c4131,community,high,,1
NVIDIA,NVIDIA,foreign,GH100,H100 NVL 94 GB,GPU,both,datacenter,Hopper,GH100,Server Hopper(Hxx),5,TSMC,814,80,,94,HBM3,6016,3940,1310,16896,528,0,132,16896,250,50,FP64/FP32/FP16/BF16/INT8,FP64:30.2TFLOPS;FP32:60.3TFLOPS;FP16/BF16:241.3TFLOPS,1080,1785,400,800,8-pin EPS,267,,Dual-slot,PCIe 5.0 x16,2023-03-21,已量产,1,AI训练/推理 / HPC,"NVIDIA H100 NVL 94 GB — Hopper architecture, Server Hopper(Hxx) generation, 94.0GB HBM3",https://www.techpowerup.com/gpu-specs/h100-nvl-94-gb.c4327,community,high,,1
NVIDIA,NVIDIA,foreign,GH100,H100 PCIe 96 GB,GPU,both,datacenter,Hopper,GH100,Server Hopper(Hxx),5,TSMC,814,80,,96,HBM3,5120,3360,1313,16896,528,0,132,16896,250,50,FP64/FP32/FP16/BF16/INT8,FP64:31.0TFLOPS;FP32:62.1TFLOPS;FP16/BF16:248.3TFLOPS,1665,1837,700,1100,8-pin EPS,268,,Dual-slot,PCIe 5.0 x16,2023-03-21,已量产,1,AI训练/推理 / HPC,"NVIDIA H100 PCIe 96 GB — Hopper architecture, Server Hopper(Hxx) generation, 96.0GB HBM3",https://www.techpowerup.com/gpu-specs/h100-pcie-96-gb.c4164,community,high,,1
NVIDIA,NVIDIA,foreign,GH100,H100 SXM5 64 GB,GPU,both,datacenter,Hopper,GH100,Server Hopper(Hxx),5,TSMC,814,80,,64,HBM3,3072,2020,1313,16896,528,0,132,16896,250,30,FP64/FP32/FP16/BF16/INT8,FP64:33.5TFLOPS;FP32:66.9TFLOPS;FP16/BF16:267.6TFLOPS,1665,1980,700,1100,8-pin EPS,,,SXM Module,PCIe 5.0 x16,2023-03-21,已量产,1,AI训练/推理 / HPC,"NVIDIA H100 SXM5 64 GB — Hopper architecture, Server Hopper(Hxx) generation, 64.0GB HBM3",https://www.techpowerup.com/gpu-specs/h100-sxm5-64-gb.c4165,community,high,,1
NVIDIA,NVIDIA,foreign,GH100,H100 SXM5 94 GB,GPU,both,datacenter,Hopper,GH100,Server Hopper(Hxx),5,TSMC,814,80,,94,HBM3,5120,3360,1313,16896,528,0,132,16896,250,50,FP64/FP32/FP16/BF16/INT8,FP64:33.5TFLOPS;FP32:66.9TFLOPS;FP16/BF16:267.6TFLOPS,1350,1980,700,1100,8-pin EPS,,,SXM Module,PCIe 5.0 x16,2023-03-21,已量产,1,AI训练/推理 / HPC,"NVIDIA H100 SXM5 94 GB — Hopper architecture, Server Hopper(Hxx) generation, 94.0GB HBM3",https://www.techpowerup.com/gpu-specs/h100-sxm5-94-gb.c4294,community,high,,1
NVIDIA,NVIDIA,foreign,GH100,H100 SXM5 96 GB,GPU,both,datacenter,Hopper,GH100,Server Hopper(Hxx),5,TSMC,814,80,,96,HBM3,5120,3360,1313,16896,528,0,132,16896,250,50,FP64/FP32/FP16/BF16/INT8,FP64:33.5TFLOPS;FP32:66.9TFLOPS;FP16/BF16:267.6TFLOPS,1350,1980,700,1100,8-pin EPS,,,SXM Module,PCIe 5.0 x16,2023-03-21,已量产,1,AI训练/推理 / HPC,"NVIDIA H100 SXM5 96 GB — Hopper architecture, Server Hopper(Hxx) generation, 96.0GB HBM3",https://www.techpowerup.com/gpu-specs/h100-sxm5-96-gb.c3974,community,high,,1
NVIDIA,NVIDIA,foreign,GH100,H800 PCIe 80 GB,GPU,both,datacenter,Hopper,GH100,Server Hopper(Hxx),5,TSMC,814,80,,80,HBM2e,5120,2040,1593,14592,456,0,114,14592,250,50,FP64/FP32/FP16/BF16/INT8,FP64:25.6TFLOPS;FP32:51.2TFLOPS;FP16/BF16:204.9TFLOPS,1095,1755,350,750,1x 16-pin,268,,Dual-slot,PCIe 5.0 x16,2023-03-21,已量产,1,AI训练/推理 / HPC,"NVIDIA H800 PCIe 80 GB — Hopper architecture, Server Hopper(Hxx) generation, 80.0GB HBM2e",https://www.techpowerup.com/gpu-specs/h800-pcie-80-gb.c4181,community,high,,1
NVIDIA,NVIDIA,foreign,GH100,H800 SXM5,GPU,both,datacenter,Hopper,GH100,Server Hopper(Hxx),5,TSMC,814,80,,80,HBM3,5120,3360,1313,16896,528,0,132,16896,250,50,FP64/FP32/FP16/BF16/INT8,FP64:29.6TFLOPS;FP32:59.3TFLOPS;FP16/BF16:237.2TFLOPS,1095,1755,700,1100,8-pin EPS,,,SXM Module,PCIe 5.0 x16,2023-03-21,已量产,1,AI训练/推理 / HPC,"NVIDIA H800 SXM5 — Hopper architecture, Server Hopper(Hxx) generation, 80.0GB HBM3",https://www.techpowerup.com/gpu-specs/h800-sxm5.c3975,community,high,,1
NVIDIA,NVIDIA,foreign,GA10B,Jetson AGX Orin 32 GB,GPU,both,datacenter,Ampere,GA10B,Tegra(Ampere),8,Samsung,200,,,32,LPDDR5,256,204.8,800,1792,56,0,14,1792,128,6,FP32/FP16/BF16/INT8,FP32:3.3TFLOPS;FP16/BF16:6.7TFLOPS,930,930,40,,,100,,IGP,PCIe 4.0 x4,2023-02-01,已量产,1,AI训练/推理 / HPC,"NVIDIA Jetson AGX Orin 32 GB — Ampere architecture, Tegra(Ampere) generation, 32.0GB LPDDR5",https://www.techpowerup.com/gpu-specs/jetson-agx-orin-32-gb.c4084,community,high,,1
NVIDIA,NVIDIA,foreign,GA10B,Jetson AGX Orin 64 GB,GPU,both,datacenter,Ampere,GA10B,Tegra(Ampere),8,Samsung,200,,,64,LPDDR5,256,204.8,800,2048,64,0,16,2048,128,6,FP32/FP16/BF16/INT8,FP32:5.3TFLOPS;FP16/BF16:10.7TFLOPS,1300,1300,60,,,100,,IGP,PCIe 4.0 x4,2023-03-01,已量产,1,AI训练/推理 / HPC,"NVIDIA Jetson AGX Orin 64 GB — Ampere architecture, Tegra(Ampere) generation, 64.0GB LPDDR5",https://www.techpowerup.com/gpu-specs/jetson-agx-orin-64-gb.c4085,community,high,,1
NVIDIA,NVIDIA,foreign,GA10B,Jetson Orin NX 16 GB,GPU,both,datacenter,Ampere,GA10B,Tegra(Ampere),8,Samsung,200,,,16,LPDDR5,128,102.4,800,1024,32,0,8,1024,128,4,FP32/FP16/BF16/INT8,FP32:1.9TFLOPS;FP16/BF16:3.8TFLOPS,918,918,25,,,70,,IGP,PCIe 4.0 x4,2023-02-01,已量产,1,AI训练/推理 / HPC,"NVIDIA Jetson Orin NX 16 GB — Ampere architecture, Tegra(Ampere) generation, 16.0GB LPDDR5",https://www.techpowerup.com/gpu-specs/jetson-orin-nx-16-gb.c4086,community,high,,1
NVIDIA,NVIDIA,foreign,AD102,L20,GPU,both,datacenter,Ada Lovelace,AD102,Server Ada(Lxx),5,TSMC,609,76.3,,48,GDDR6,384,864,2250,11776,368,92,92,11776,128,96,FP64/FP32/FP16/BF16/INT8,FP64:0.9TFLOPS;FP32:59.4TFLOPS;FP16/BF16:59.4TFLOPS,1440,2520,275,600,1x 16-pin,267,,Dual-slot,PCIe 4.0 x16,2023-11-16,已量产,1,AI训练/推理 / HPC,"NVIDIA L20 — Ada Lovelace architecture, Server Ada(Lxx) generation, 48.0GB GDDR6",https://www.techpowerup.com/gpu-specs/l20.c4206,community,high,,1
NVIDIA,NVIDIA,foreign,AD104,L4,GPU,both,datacenter,Ada Lovelace,AD104,Server Ada(Lxx),5,TSMC,294,35.8,,24,GDDR6,192,300.1,1563,7424,240,60,60,7424,128,48,FP64/FP32/FP16/BF16/INT8,FP64:0.5TFLOPS;FP32:30.3TFLOPS;FP16/BF16:30.3TFLOPS,795,2040,72,250,None,169,,Single-slot,PCIe 4.0 x16,2023-03-21,已量产,1,AI训练/推理 / HPC,"NVIDIA L4 — Ada Lovelace architecture, Server Ada(Lxx) generation, 24.0GB GDDR6",https://www.techpowerup.com/gpu-specs/l4.c4091,community,high,,1
NVIDIA,NVIDIA,foreign,AD103,RTX 4500 Ada Generation,GPU,both,datacenter,Ada Lovelace,AD103,Workstation Ada(x000A),5,TSMC,379,45.9,,24,GDDR6,192,432,2250,7680,240,60,60,7680,128,48,FP64/FP32/FP16/BF16/INT8,FP64:0.6TFLOPS;FP32:39.6TFLOPS;FP16/BF16:39.6TFLOPS,2070,2580,210,550,None,245,,Dual-slot,PCIe 4.0 x16,2023-08-09,已量产,1,AI训练/推理 / HPC,"NVIDIA RTX 4500 Ada Generation — Ada Lovelace architecture, Workstation Ada(x000A) generation, 24.0GB GDDR6",https://www.techpowerup.com/gpu-specs/rtx-4500-ada-generation.c4172,community,high,,1
AMD,AMD,foreign,Aqua Vanjaram,Radeon Instinct MI300,GPU,both,datacenter,CDNA 3.0,Aqua Vanjaram,Radeon Instinct(MIx),5,TSMC,1017,153,MCM,128,HBM3,8192,6550,1600,14080,0,0,0,14080,16,16,FP64/FP32/FP16/BF16/INT8,FP64:47.9TFLOPS;FP32:47.9TFLOPS;FP16/BF16:383.0TFLOPS,1000,1700,600,1000,2x 8-pin,267,,,PCIe 5.0 x16,2023-01-04,已量产,1,AI训练/推理 / HPC,"AMD Radeon Instinct MI300 — CDNA 3.0 architecture, Radeon Instinct(MIx) generation, 128.0GB HBM3",https://www.techpowerup.com/gpu-specs/radeon-instinct-mi300.c4019,community,high,,1
AMD,AMD,foreign,Aqua Vanjaram,Radeon Instinct MI300A,GPU,both,datacenter,CDNA 3.0,Aqua Vanjaram,Radeon Instinct(MIx),5,TSMC,1017,153,MCM,192,HBM3,8192,10300,2525,19456,0,0,0,19456,16,16,FP64/FP32/FP16/BF16/INT8,FP64:81.7TFLOPS;FP32:81.7TFLOPS;FP16/BF16:653.7TFLOPS,1000,2100,750,1150,None,,,OAM Module,PCIe 5.0 x16,2023-12-06,已量产,1,AI训练/推理 / HPC,"AMD Radeon Instinct MI300A — CDNA 3.0 architecture, Radeon Instinct(MIx) generation, 192.0GB HBM3",https://www.techpowerup.com/gpu-specs/radeon-instinct-mi300a.c4296,community,high,,1
AMD,AMD,foreign,Aqua Vanjaram,Radeon Instinct MI300X,GPU,both,datacenter,CDNA 3.0,Aqua Vanjaram,Radeon Instinct(MIx),5,TSMC,1017,153,MCM,192,HBM3,8192,10300,2525,19456,0,0,0,19456,16,16,FP64/FP32/FP16/BF16/INT8,FP64:81.7TFLOPS;FP32:81.7TFLOPS;FP16/BF16:653.7TFLOPS,1000,2100,750,1150,None,,,OAM Module,PCIe 5.0 x16,2023-12-06,已量产,1,AI训练/推理 / HPC,"AMD Radeon Instinct MI300X — CDNA 3.0 architecture, Radeon Instinct(MIx) generation, 192.0GB HBM3",https://www.techpowerup.com/gpu-specs/radeon-instinct-mi300x.c4179,community,high,,1
AMD,AMD,foreign,Aqua Vanjaram,Radeon Instinct MI308X,GPU,both,datacenter,CDNA 3.0,Aqua Vanjaram,Radeon Instinct(MIx),5,TSMC,1017,153,MCM,192,HBM3,8192,10300,2525,19456,0,0,0,19456,16,16,FP64/FP32/FP16/BF16/INT8,FP64:81.7TFLOPS;FP32:81.7TFLOPS;FP16/BF16:653.7TFLOPS,1000,2100,750,1150,None,,,OAM Module,PCIe 5.0 x16,2023-12-06,已量产,1,AI训练/推理 / HPC,"AMD Radeon Instinct MI308X — CDNA 3.0 architecture, Radeon Instinct(MIx) generation, 192.0GB HBM3",https://www.techpowerup.com/gpu-specs/radeon-instinct-mi308x.c4295,community,high,,1
AMD,AMD,foreign,Navi 32,Radeon PRO W7700,GPU,both,datacenter,RDNA 3.0,Navi 32,Radeon Pro Navi(Navi III Series),5,TSMC,346,28.1,MCM,16,GDDR6,256,576,2250,3072,0,48,0,3072,128,2,FP64/FP32/FP16/BF16/INT8,FP64:1.0TFLOPS;FP32:31.9TFLOPS;FP16/BF16:63.9TFLOPS,1900,2600,190,450,1x 8-pin,241,,Dual-slot,PCIe 4.0 x16,2023-11-13,已量产,1,AI训练/推理 / HPC,"AMD Radeon PRO W7700 — RDNA 3.0 architecture, Radeon Pro Navi(Navi III Series) generation, 16.0GB GDDR6",https://www.techpowerup.com/gpu-specs/radeon-pro-w7700.c4184,community,high,,1
AMD,AMD,foreign,Navi 31,Radeon PRO W7800,GPU,both,datacenter,RDNA 3.0,Navi 31,Radeon Pro Navi(Navi III Series),5,TSMC,529,57.7,MCM,32,GDDR6,256,576,2250,4480,0,70,0,4480,250,6,FP64/FP32/FP16/BF16/INT8,FP64:1.4TFLOPS;FP32:45.2TFLOPS;FP16/BF16:90.5TFLOPS,1895,2525,260,600,2x 8-pin,280,40,Dual-slot,PCIe 4.0 x16,2023-04-13,已量产,1,AI训练/推理 / HPC,"AMD Radeon PRO W7800 — RDNA 3.0 architecture, Radeon Pro Navi(Navi III Series) generation, 32.0GB GDDR6",https://www.techpowerup.com/gpu-specs/radeon-pro-w7800.c4148,community,high,,1
AMD,AMD,foreign,Navi 31,Radeon PRO W7800 48 GB,GPU,both,datacenter,RDNA 3.0,Navi 31,Radeon Pro Navi(Navi III Series),5,TSMC,529,57.7,MCM,48,GDDR6,384,864,2250,4480,0,70,0,4480,250,6,FP64/FP32/FP16/BF16/INT8,FP64:1.4TFLOPS;FP32:45.2TFLOPS;FP16/BF16:90.5TFLOPS,1895,2525,281,600,2x 8-pin,280,40,Dual-slot,PCIe 4.0 x16,2023-04-13,已量产,1,AI训练/推理 / HPC,"AMD Radeon PRO W7800 48 GB — RDNA 3.0 architecture, Radeon Pro Navi(Navi III Series) generation, 48.0GB GDDR6",https://www.techpowerup.com/gpu-specs/radeon-pro-w7800-48-gb.c4252,community,high,,1
AMD,AMD,foreign,Navi 31,Radeon PRO W7900,GPU,both,datacenter,RDNA 3.0,Navi 31,Radeon Pro Navi(Navi III Series),5,TSMC,529,57.7,MCM,48,GDDR6,384,864,2250,6144,0,96,0,6144,250,6,FP64/FP32/FP16/BF16/INT8,FP64:1.9TFLOPS;FP32:61.3TFLOPS;FP16/BF16:122.6TFLOPS,1855,2495,295,600,2x 8-pin,280,51,Triple-slot,PCIe 4.0 x16,2023-04-13,已量产,1,AI训练/推理 / HPC,"AMD Radeon PRO W7900 — RDNA 3.0 architecture, Radeon Pro Navi(Navi III Series) generation, 48.0GB GDDR6",https://www.techpowerup.com/gpu-specs/radeon-pro-w7900.c4147,community,high,,1
Intel,Intel,foreign,Ponte Vecchio,Data Center GPU Max 1100,GPU,both,datacenter,Generation 12.5,Ponte Vecchio,Data Center GPU(Ponte Vecchio),10,Intel,1280,100,,48,HBM2e,8192,1230,600,7168,0,56,0,7168,64,204,FP64/FP32/FP16/BF16/INT8,FP64:22.2TFLOPS;FP32:22.2TFLOPS;FP16/BF16:22.2TFLOPS,1000,1550,300,700,1x 12-pin,267,,Dual-slot,PCIe 5.0 x16,2023-01-10,已量产,1,AI训练/推理 / HPC,"Intel Data Center GPU Max 1100 — Generation 12.5 architecture, Data Center GPU(Ponte Vecchio) generation, 48.0GB HBM2e",https://www.techpowerup.com/gpu-specs/data-center-gpu-max-1100.c4066,community,high,,1
Intel,Intel,foreign,Ponte Vecchio,Data Center GPU Max 1350,GPU,both,datacenter,Generation 12.5,Ponte Vecchio,Data Center GPU(Ponte Vecchio),10,Intel,1280,100,,96,HBM2e,8192,2460,1200,14336,0,112,0,14336,64,408,FP64/FP32/FP16/BF16/INT8,FP64:44.4TFLOPS;FP32:44.4TFLOPS;FP16/BF16:44.4TFLOPS,750,1550,450,850,,,,OAM Module,PCIe 5.0 x16,2023-01-10,已量产,1,AI训练/推理 / HPC,"Intel Data Center GPU Max 1350 — Generation 12.5 architecture, Data Center GPU(Ponte Vecchio) generation, 96.0GB HBM2e",https://www.techpowerup.com/gpu-specs/data-center-gpu-max-1350.c4067,community,high,,1
Intel,Intel,foreign,Ponte Vecchio,Data Center GPU Max 1550,GPU,both,datacenter,Generation 12.5,Ponte Vecchio,Data Center GPU(Ponte Vecchio),10,Intel,1280,100,,128,HBM2e,8192,3280,1600,16384,0,128,0,16384,64,408,FP64/FP32/FP16/BF16/INT8,FP64:52.4TFLOPS;FP32:52.4TFLOPS;FP16/BF16:52.4TFLOPS,900,1600,600,1000,,,,OAM Module,PCIe 5.0 x16,2023-01-10,已量产,1,AI训练/推理 / HPC,"Intel Data Center GPU Max 1550 — Generation 12.5 architecture, Data Center GPU(Ponte Vecchio) generation, 128.0GB HBM2e",https://www.techpowerup.com/gpu-specs/data-center-gpu-max-1550.c4068,community,high,,1
Intel,Intel,foreign,Ponte Vecchio,Data Center GPU Max Subsystem,GPU,both,datacenter,Generation 12.5,Ponte Vecchio,Data Center GPU(Ponte Vecchio),10,Intel,1280,100,,128,HBM2e,8192,3210,1565,16384,0,128,0,16384,64,408,FP64/FP32/FP16/BF16/INT8,FP64:52.4TFLOPS;FP32:52.4TFLOPS;FP16/BF16:52.4TFLOPS,900,1600,2400,2800,1x 16-pin,267,,Dual-slot,PCIe 5.0 x16,2023-01-10,已量产,1,AI训练/推理 / HPC,"Intel Data Center GPU Max Subsystem — Generation 12.5 architecture, Data Center GPU(Ponte Vecchio) generation, 128.0GB HBM2e",https://www.techpowerup.com/gpu-specs/data-center-gpu-max-subsystem.c4070,community,high,,1
NVIDIA,NVIDIA,foreign,GB100,B200,GPU,both,datacenter,Blackwell,GB100,Server Blackwell(Bxx),5,TSMC,,104,,90,HBM3e,4096,4100,2000,18944,592,0,148,18944,250,50,FP64/FP32/FP16/BF16/INT8,FP64:37.2TFLOPS;FP32:74.5TFLOPS;FP16/BF16:1191.2TFLOPS,700,1965,1000,1400,,,,SXM Module,PCIe 5.0 x16,2024-01-01,已量产,1,AI训练/推理 / HPC,"NVIDIA B200 — Blackwell architecture, Server Blackwell(Bxx) generation, 90.0GB HBM3e",https://www.techpowerup.com/gpu-specs/b200.c4210,community,high,66,0
NVIDIA,NVIDIA,foreign,GH100,H200 NVL,GPU,both,datacenter,Hopper,GH100,Server Hopper(Hxx),5,TSMC,814,80,,141,HBM3e,6144,4890,1593,16896,528,0,132,16896,250,50,FP64/FP32/FP16/BF16/INT8,FP64:30.2TFLOPS;FP32:60.3TFLOPS;FP16/BF16:241.3TFLOPS,1365,1785,600,1000,8-pin EPS,267,,Dual-slot,PCIe 5.0 x16,2024-11-18,已量产,1,AI训练/推理 / HPC,"NVIDIA H200 NVL — Hopper architecture, Server Hopper(Hxx) generation, 141.0GB HBM3e",https://www.techpowerup.com/gpu-specs/h200-nvl.c4254,community,high,75,0
NVIDIA,NVIDIA,foreign,GH100,H200 SXM 141 GB,GPU,both,datacenter,Hopper,GH100,Server Hopper(Hxx),5,TSMC,814,80,,141,HBM3e,6144,4890,1593,16896,528,0,132,16896,250,50,FP64/FP32/FP16/BF16/INT8,FP64:33.5TFLOPS;FP32:66.9TFLOPS;FP16/BF16:267.6TFLOPS,1500,1980,700,1100,8-pin EPS,,,SXM Module,PCIe 5.0 x16,2024-11-18,已量产,1,AI训练/推理 / HPC,"NVIDIA H200 SXM 141 GB — Hopper architecture, Server Hopper(Hxx) generation, 141.0GB HBM3e",https://www.techpowerup.com/gpu-specs/h200-sxm-141-gb.c4255,community,high,,1
NVIDIA,NVIDIA,foreign,AD102,RTX 5880 Ada Generation,GPU,both,datacenter,Ada Lovelace,AD102,Workstation Ada(x000A),5,TSMC,609,76.3,,48,GDDR6,384,864,2250,14080,440,110,110,14080,128,72,FP64/FP32/FP16/BF16/INT8,FP64:1.1TFLOPS;FP32:69.3TFLOPS;FP16/BF16:69.3TFLOPS,975,2460,285,600,1x 16-pin,267,,Dual-slot,PCIe 4.0 x16,2024-01-05,已量产,1,AI训练/推理 / HPC,"NVIDIA RTX 5880 Ada Generation — Ada Lovelace architecture, Workstation Ada(x000A) generation, 48.0GB GDDR6",https://www.techpowerup.com/gpu-specs/rtx-5880-ada-generation.c4191,community,high,,1
AMD,AMD,foreign,Aqua Vanjaram,Radeon Instinct MI325X,GPU,both,datacenter,CDNA 3.0,Aqua Vanjaram,Radeon Instinct(MIx),5,TSMC,1017,153,MCM,288,HBM3e,8192,10300,2525,19456,0,0,0,19456,16,16,FP64/FP32/FP16/BF16/INT8,FP64:81.7TFLOPS;FP32:81.7TFLOPS;FP16/BF16:653.7TFLOPS,1000,2100,1000,1400,None,,,OAM Module,PCIe 5.0 x16,2024-10-01,已量产,1,AI训练/推理 / HPC,"AMD Radeon Instinct MI325X — CDNA 3.0 architecture, Radeon Instinct(MIx) generation, 288.0GB HBM3e",https://www.techpowerup.com/gpu-specs/radeon-instinct-mi325x.c4231,community,high,,1
NVIDIA,NVIDIA,foreign,GB110,B300,GPU,both,datacenter,Blackwell Ultra,GB110,Server Blackwell(Bxx),5,TSMC,,104,,144,HBM3e,4096,4100,2000,18944,592,0,148,18944,250,50,FP64/FP32/FP16/BF16/INT8,FP64:1.2TFLOPS;FP32:77.0TFLOPS;FP16/BF16:1231.8TFLOPS,1665,2032,1400,1800,,,,SXM Module,PCIe 5.0 x16,2025-09-11,已量产,1,AI训练/推理 / HPC,"NVIDIA B300 — Blackwell Ultra architecture, Server Blackwell(Bxx) generation, 144.0GB HBM3e",https://www.techpowerup.com/gpu-specs/b300.c4375,community,high,68,0
NVIDIA,NVIDIA,foreign,GB20B,GB10,GPU,both,datacenter,Blackwell 2.0,GB20B,Server Blackwell(Bxx),5,TSMC,,,,128,LPDDR5X,256,273.2,1067,6144,384,48,48,6144,250,50,FP64/FP32/FP16/BF16/INT8,FP64:0.5TFLOPS;FP32:29.7TFLOPS;FP16/BF16:29.7TFLOPS,1665,2418,140,300,None,150,150,IGP,PCIe 5.0 x16,2025-10-15,已量产,1,AI训练/推理 / HPC,"NVIDIA GB10 — Blackwell 2.0 architecture, Server Blackwell(Bxx) generation, 128.0GB LPDDR5X",https://www.techpowerup.com/gpu-specs/gb10.c4342,community,high,69,0
NVIDIA,NVIDIA,foreign,GB10B,Jetson T4000,GPU,both,datacenter,Blackwell,GB10B,Server Blackwell(Bxx),3,TSMC,,,,64,LPDDR5X,256,273.2,1067,1536,64,12,12,1536,250,50,FP64/FP32/FP16/BF16/INT8,FP64:3.9TFLOPS;FP32:7.8TFLOPS;FP16/BF16:31.0TFLOPS,1665,2525,40,200,None,243,57,IGP,PCIe 5.0 x16,2025-08-27,已量产,1,AI训练/推理 / HPC,"NVIDIA Jetson T4000 — Blackwell architecture, Server Blackwell(Bxx) generation, 64.0GB LPDDR5X",https://www.techpowerup.com/gpu-specs/jetson-t4000.c4369,community,high,,1
NVIDIA,NVIDIA,foreign,GB10B,Jetson T5000,GPU,both,datacenter,Blackwell,GB10B,Server Blackwell(Bxx),3,TSMC,,,,128,LPDDR5X,256,273.2,1067,2560,96,20,20,2560,250,50,FP64/FP32/FP16/BF16/INT8,FP64:6.5TFLOPS;FP32:12.9TFLOPS;FP16/BF16:51.7TFLOPS,1665,2525,40,200,None,243,57,IGP,PCIe 5.0 x16,2025-08-27,已量产,1,AI训练/推理 / HPC,"NVIDIA Jetson T5000 — Blackwell architecture, Server Blackwell(Bxx) generation, 128.0GB LPDDR5X",https://www.techpowerup.com/gpu-specs/jetson-t5000.c4370,community,high,,1
NVIDIA,NVIDIA,foreign,GB202,RTX 6000D,GPU,both,datacenter,Blackwell 2.0,GB202,Blackwell PRO W(x000),5,TSMC,750,92.2,,84,GDDR7,448,1570,1750,19968,624,156,156,19968,128,128,FP64/FP32/FP16/BF16/INT8,FP64:1.5TFLOPS;FP32:97.0TFLOPS;FP16/BF16:97.0TFLOPS,1590,2430,600,1000,1x 16-pin,304,40,Dual-slot,PCIe 5.0 x16,2025-03-18,已量产,1,AI训练/推理 / HPC,"NVIDIA RTX 6000D — Blackwell 2.0 architecture, Blackwell PRO W(x000) generation, 84.0GB GDDR7",https://www.techpowerup.com/gpu-specs/rtx-6000d.c4363,community,high,,1
NVIDIA,NVIDIA,foreign,GB206,RTX PRO 2000 Blackwell,GPU,both,datacenter,Blackwell 2.0,GB206,Blackwell PRO W(x000),5,TSMC,181,21.9,,16,GDDR7,128,288,1125,4352,136,34,34,4352,128,32,FP64/FP32/FP16/BF16/INT8,FP64:0.3TFLOPS;FP32:17.0TFLOPS;FP16/BF16:17.0TFLOPS,982,1957,70,250,None,167,20,Dual-slot,PCIe 5.0 x8,2025-08-11,已量产,1,AI训练/推理 / HPC,"NVIDIA RTX PRO 2000 Blackwell — Blackwell 2.0 architecture, Blackwell PRO W(x000) generation, 16.0GB GDDR7",https://www.techpowerup.com/gpu-specs/rtx-pro-2000-blackwell.c4330,community,high,,1
NVIDIA,NVIDIA,foreign,GB203,RTX PRO 4000 Blackwell,GPU,both,datacenter,Blackwell 2.0,GB203,Blackwell PRO W(x000),5,TSMC,378,45.6,,24,GDDR7,192,672,1750,8960,280,70,70,8960,128,48,FP64/FP32/FP16/BF16/INT8,FP64:0.6TFLOPS;FP32:36.8TFLOPS;FP16/BF16:36.8TFLOPS,1230,2055,140,300,1x 16-pin,241,20,Single-slot,PCIe 5.0 x16,2025-03-18,已量产,1,AI训练/推理 / HPC,"NVIDIA RTX PRO 4000 Blackwell — Blackwell 2.0 architecture, Blackwell PRO W(x000) generation, 24.0GB GDDR7",https://www.techpowerup.com/gpu-specs/rtx-pro-4000-blackwell.c4279,community,high,,1
NVIDIA,NVIDIA,foreign,GB203,RTX PRO 4000 Blackwell SFF,GPU,both,datacenter,Blackwell 2.0,GB203,Blackwell PRO W(x000),5,TSMC,378,45.6,,24,GDDR7,192,432,1125,8960,280,70,70,8960,128,48,FP64/FP32/FP16/BF16/INT8,FP64:0.4TFLOPS;FP32:25.7TFLOPS;FP16/BF16:25.7TFLOPS,577,1432,70,250,None,167,40,Dual-slot,PCIe 5.0 x8,2025-08-11,已量产,1,AI训练/推理 / HPC,"NVIDIA RTX PRO 4000 Blackwell SFF — Blackwell 2.0 architecture, Blackwell PRO W(x000) generation, 24.0GB GDDR7",https://www.techpowerup.com/gpu-specs/rtx-pro-4000-blackwell-sff.c4329,community,high,,1
NVIDIA,NVIDIA,foreign,GB203,RTX PRO 4500 Blackwell,GPU,both,datacenter,Blackwell 2.0,GB203,Blackwell PRO W(x000),5,TSMC,378,45.6,,32,GDDR7,256,896,1750,10496,328,82,82,10496,128,64,FP64/FP32/FP16/BF16/INT8,FP64:0.8TFLOPS;FP32:50.5TFLOPS;FP16/BF16:50.5TFLOPS,1635,2407,200,550,1x 16-pin,267,40,Dual-slot,PCIe 5.0 x16,2025-03-18,已量产,1,AI训练/推理 / HPC,"NVIDIA RTX PRO 4500 Blackwell — Blackwell 2.0 architecture, Blackwell PRO W(x000) generation, 32.0GB GDDR7",https://www.techpowerup.com/gpu-specs/rtx-pro-4500-blackwell.c4278,community,high,,1
NVIDIA,NVIDIA,foreign,GB202,RTX PRO 5000 72 GB Blackwell,GPU,both,datacenter,Blackwell 2.0,GB202,Blackwell PRO W(x000),5,TSMC,750,92.2,,72,GDDR7,384,1340,1750,14080,440,110,110,14080,128,96,FP64/FP32/FP16/BF16/INT8,FP64:1.0TFLOPS;FP32:66.9TFLOPS;FP16/BF16:66.9TFLOPS,1740,2377,300,700,1x 16-pin,267,40,Dual-slot,PCIe 5.0 x16,2025-10-21,已量产,1,AI训练/推理 / HPC,"NVIDIA RTX PRO 5000 72 GB Blackwell — Blackwell 2.0 architecture, Blackwell PRO W(x000) generation, 72.0GB GDDR7",https://www.techpowerup.com/gpu-specs/rtx-pro-5000-72-gb-blackwell.c4357,community,high,,1
NVIDIA,NVIDIA,foreign,GB202,RTX PRO 5000 Blackwell,GPU,both,datacenter,Blackwell 2.0,GB202,Blackwell PRO W(x000),5,TSMC,750,92.2,,48,GDDR7,384,1340,1750,14080,440,110,110,14080,128,96,FP64/FP32/FP16/BF16/INT8,FP64:1.0TFLOPS;FP32:66.9TFLOPS;FP16/BF16:66.9TFLOPS,1740,2377,300,700,1x 16-pin,267,40,Dual-slot,PCIe 5.0 x16,2025-03-18,已量产,1,AI训练/推理 / HPC,"NVIDIA RTX PRO 5000 Blackwell — Blackwell 2.0 architecture, Blackwell PRO W(x000) generation, 48.0GB GDDR7",https://www.techpowerup.com/gpu-specs/rtx-pro-5000-blackwell.c4276,community,high,,1
NVIDIA,NVIDIA,foreign,GB202,RTX PRO 6000 Blackwell,GPU,both,datacenter,Blackwell 2.0,GB202,Blackwell PRO W(x000),5,TSMC,750,92.2,,96,GDDR7,512,1790,1750,24064,752,188,188,24064,128,128,FP64/FP32/FP16/BF16/INT8,FP64:2.0TFLOPS;FP32:126.0TFLOPS;FP16/BF16:126.0TFLOPS,1590,2617,600,1000,1x 16-pin,304,40,Dual-slot,PCIe 5.0 x16,2025-03-18,已量产,1,AI训练/推理 / HPC,"NVIDIA RTX PRO 6000 Blackwell — Blackwell 2.0 architecture, Blackwell PRO W(x000) generation, 96.0GB GDDR7",https://www.techpowerup.com/gpu-specs/rtx-pro-6000-blackwell.c4272,community,high,,1
NVIDIA,NVIDIA,foreign,GB202,RTX PRO 6000 Blackwell Max-Q,GPU,both,datacenter,Blackwell 2.0,GB202,Blackwell PRO W(x000),5,TSMC,750,92.2,,96,GDDR7,512,1790,1750,24064,752,188,188,24064,128,128,FP64/FP32/FP16/BF16/INT8,FP64:1.7TFLOPS;FP32:109.7TFLOPS;FP16/BF16:109.7TFLOPS,1035,2280,300,700,1x 16-pin,267,40,Dual-slot,PCIe 5.0 x16,2025-03-18,已量产,1,AI训练/推理 / HPC,"NVIDIA RTX PRO 6000 Blackwell Max-Q — Blackwell 2.0 architecture, Blackwell PRO W(x000) generation, 96.0GB GDDR7",https://www.techpowerup.com/gpu-specs/rtx-pro-6000-blackwell-max-q.c4273,community,high,,1
NVIDIA,NVIDIA,foreign,GB202,RTX PRO 6000 Blackwell Server,GPU,both,datacenter,Blackwell 2.0,GB202,Server Blackwell(Bxx),5,TSMC,750,92.2,,96,GDDR7,512,1790,1750,24064,752,188,188,24064,128,128,FP64/FP32/FP16/BF16/INT8,FP64:2.0TFLOPS;FP32:126.0TFLOPS;FP16/BF16:126.0TFLOPS,1590,2617,600,1000,1x 16-pin,267,40,Dual-slot,PCIe 5.0 x16,2025-03-18,已量产,1,AI训练/推理 / HPC,"NVIDIA RTX PRO 6000 Blackwell Server — Blackwell 2.0 architecture, Server Blackwell(Bxx) generation, 96.0GB GDDR7",https://www.techpowerup.com/gpu-specs/rtx-pro-6000-blackwell-server.c4274,community,high,,1
NVIDIA,NVIDIA,foreign,GB202,RTX PRO 6000D Blackwell Max-Q,GPU,both,datacenter,Blackwell 2.0,GB202,Blackwell PRO W(x000),5,TSMC,750,92.2,,96,GDDR7,512,1790,1750,24064,752,188,188,24064,128,128,FP64/FP32/FP16/BF16/INT8,FP64:1.7TFLOPS;FP32:110.1TFLOPS;FP16/BF16:110.1TFLOPS,1590,2288,300,700,1x 16-pin,267,40,Dual-slot,PCIe 5.0 x16,2025-03-18,已量产,1,AI训练/推理 / HPC,"NVIDIA RTX PRO 6000D Blackwell Max-Q — Blackwell 2.0 architecture, Blackwell PRO W(x000) generation, 96.0GB GDDR7",https://www.techpowerup.com/gpu-specs/rtx-pro-6000d-blackwell-max-q.c4364,community,high,,1
AMD,AMD,foreign,Navi 48,Radeon AI PRO 9600D,GPU,both,datacenter,RDNA 4.0,Navi 48,Radeon Pro Navi(Navi IV Series),4,TSMC,357,53.9,Monolithic,32,GDDR6,256,576,2250,3072,0,48,0,3072,0,8,FP64/FP32/FP16/BF16/INT8,FP64:0.8TFLOPS;FP32:24.8TFLOPS;FP16/BF16:49.6TFLOPS,1080,2020,150,450,1x 16-pin,241,19,Single-slot,PCIe 5.0 x16,2025-12-11,已量产,1,AI训练/推理 / HPC,"AMD Radeon AI PRO 9600D — RDNA 4.0 architecture, Radeon Pro Navi(Navi IV Series) generation, 32.0GB GDDR6",https://www.techpowerup.com/gpu-specs/radeon-ai-pro-9600d.c4379,community,high,,1
AMD,AMD,foreign,Navi 48,Radeon AI PRO R9700,GPU,both,datacenter,RDNA 4.0,Navi 48,Radeon Pro Navi(Navi IV Series),4,TSMC,357,53.9,Monolithic,32,GDDR6,256,644.6,2518,4096,0,64,0,4096,0,8,FP64/FP32/FP16/BF16/INT8,FP64:1.5TFLOPS;FP32:47.8TFLOPS;FP16/BF16:95.7TFLOPS,1660,2920,300,700,1x 16-pin,267,40,Dual-slot,PCIe 5.0 x16,2025-07-23,已量产,1,AI训练/推理 / HPC,"AMD Radeon AI PRO R9700 — RDNA 4.0 architecture, Radeon Pro Navi(Navi IV Series) generation, 32.0GB GDDR6",https://www.techpowerup.com/gpu-specs/radeon-ai-pro-r9700.c4290,community,high,,1
AMD,AMD,foreign,Navi 48,Radeon AI PRO R9700S,GPU,both,datacenter,RDNA 4.0,Navi 48,Radeon Pro Navi(Navi IV Series),4,TSMC,357,53.9,Monolithic,32,GDDR6,256,644.6,2518,4096,0,64,0,4096,0,8,FP64/FP32/FP16/BF16/INT8,FP64:1.5TFLOPS;FP32:47.8TFLOPS;FP16/BF16:95.7TFLOPS,1660,2920,300,700,1x 16-pin,267,39,Dual-slot,PCIe 5.0 x16,2025-12-11,已量产,1,AI训练/推理 / HPC,"AMD Radeon AI PRO R9700S — RDNA 4.0 architecture, Radeon Pro Navi(Navi IV Series) generation, 32.0GB GDDR6",https://www.techpowerup.com/gpu-specs/radeon-ai-pro-r9700s.c4378,community,high,,1
AMD,AMD,foreign,Galaxy,Radeon Instinct MI350X,GPU,both,datacenter,CDNA 4.0,Galaxy,Radeon Instinct(MIx),3,TSMC,,,,288,HBM3e,8192,8190,2000,16384,0,0,0,16384,16,16,FP64/FP32/FP16/BF16/INT8,FP64:72.1TFLOPS;FP32:72.1TFLOPS;FP16/BF16:576.7TFLOPS,1000,2200,1000,1400,None,102,165,OAM Module,PCIe 5.0 x16,2025-01-01,已量产,1,AI训练/推理 / HPC,"AMD Radeon Instinct MI350X — CDNA 4.0 architecture, Radeon Instinct(MIx) generation, 288.0GB HBM3e",https://www.techpowerup.com/gpu-specs/radeon-instinct-mi350x.c4308,community,high,,1
AMD,AMD,foreign,Galaxy,Radeon Instinct MI355X,GPU,both,datacenter,CDNA 4.0,Galaxy,Radeon Instinct(MIx),3,TSMC,,,,288,HBM3e,8192,8190,2000,16384,0,0,0,16384,32,32,FP64/FP32/FP16/BF16/INT8,FP64:78.6TFLOPS;FP32:78.6TFLOPS;FP16/BF16:629.1TFLOPS,1000,2400,1400,1800,None,102,165,OAM Module,PCIe 5.0 x16,2025-01-01,已量产,1,AI训练/推理 / HPC,"AMD Radeon Instinct MI355X — CDNA 4.0 architecture, Radeon Instinct(MIx) generation, 288.0GB HBM3e",https://www.techpowerup.com/gpu-specs/radeon-instinct-mi355x.c4309,community,high,,1
AMD,AMD,foreign,Navi 31,Radeon PRO W7900D,GPU,both,datacenter,RDNA 3.0,Navi 31,Radeon Pro Navi(Navi III Series),5,TSMC,529,57.7,MCM,48,GDDR6,384,864,2250,6144,0,96,0,6144,250,6,FP64/FP32/FP16/BF16/INT8,FP64:1.7TFLOPS;FP32:53.0TFLOPS;FP16/BF16:106.0TFLOPS,1327,2156,295,600,2x 8-pin,280,51,Triple-slot,PCIe 4.0 x16,2025-09-25,已量产,1,AI训练/推理 / HPC,"AMD Radeon PRO W7900D — RDNA 3.0 architecture, Radeon Pro Navi(Navi III Series) generation, 48.0GB GDDR6",https://www.techpowerup.com/gpu-specs/radeon-pro-w7900d.c4361,community,high,,1
Intel,Intel,foreign,BMG-G21,Arc Pro B60,GPU,both,datacenter,Xe2-HPG,BMG-G21,Battlemage(Pro Series),5,TSMC,272,19.6,,24,GDDR6,192,456,2375,2560,0,20,0,2560,0,4,FP64/FP32/FP16/BF16/INT8,FP64:3.1TFLOPS;FP32:12.3TFLOPS;FP16/BF16:24.6TFLOPS,2000,2400,200,550,None,167,40,Dual-slot,PCIe 5.0 x8,2025-09-05,已量产,1,AI训练/推理 / HPC,"Intel Arc Pro B60 — Xe2-HPG architecture, Battlemage(Pro Series) generation, 24.0GB GDDR6",https://www.techpowerup.com/gpu-specs/arc-pro-b60.c4350,community,high,,1
